session,PC1,PC2,PC3,PC4,PC5,PC6,PC7,PC8,PC9,PC10
p001_s1,2.5901980805081752,1.2681500772403467,1.8337167233424536,-0.5748636148102165,0.10745173208227314,-3.541579949495675,0.49197765322608833,-1.2586357470420857,0.47236546627240134,-0.8220412329555177
p001_s2,1.7549017766124486,2.164770663615458,1.1414220576338472,-0.9216861666829316,1.1737209976364142,0.44347767618601724,2.478640148877338,0.2876924075907565,0.2930864466791769,-0.20150117245708074
p002_s1,-3.7532650879845755,-1.8107043517888348,2.4681311879836736,2.064073500204641,0.9509406694363647,-2.450352690536661,-0.8716444186628837,-1.3516695143031559,-1.8831357894974576,0.1094408636420117
p002_s2,-3.950900814717255,-1.4018198289763935,0.6272406901369703,-1.827110098418275,-0.10033706457127536,0.4783272904562529,0.1835644838511985,0.04372123990799065,-0.20931683605872872,0.1733435728227845
p003_s1,-8.057733620113863,-2.0882432606986345,3.7594690448874903,8.156672093171888,-1.5833085163961722,-2.011185642060491,-0.00713650193850057,0.8578360295347649,5.244716134957585,-0.06596212630243661
p003_s2,-7.227607413476499,-2.2998279079318555,-0.23119979355229056,-0.968386043053196,-2.197816567139469,-1.0306824664332221,0.1368024723923923,-0.3456459748605576,-0.7271628230226325,0.3394645751508005
p004_s1,0.4858400335558338,4.611461615649363,8.589586810448099,-2.596964435723794,-0.3140654906263251,1.3852040530224357,-0.15332320237951194,0.335090733983411,0.2900234438951085,-1.4696916385672987
p005_s1,4.104856634363997,0.11897993645797066,-3.393199769190597,0.7024654452135527,-0.6674185650701141,1.158489596007109,-1.8481618627494008,-0.0604973411982342,0.1774639240347028,-0.4773520542885218
p005_s2,3.1426584003095615,0.05961957185661885,-2.193567557224513,0.7473054529921741,-1.3149379935150327,0.45011493770218663,-1.6776109966007786,-0.8016035086560517,-0.022676000873413815,-0.8789719062676028
p006_s1,-3.7901428791732092,-1.5518299942376403,-1.8577445011986198,-0.541322188749578,-2.531654013862508,0.27002243343564314,0.6950525514724677,-0.06644561120837335,-0.4275774944904915,-0.3582240035964584
p006_s2,-4.6762220248494195,-1.454903938277306,0.7445824931714663,5.208938623468099,-1.8501376527501852,0.680977055635218,0.008442925841318496,-0.7768474053283805,-0.40566859978315795,-0.7600721201436123
p007_s1,-0.12862609688075413,-0.9770339241130811,0.7685146346873263,-1.9114971228370734,1.4157689746845523,0.4091986060777504,-1.306379494961186,0.4650569312755198,0.697888934437898,-0.4480954772021308
p007_s2,-0.6991656188975011,-0.8357524448682964,0.8103423615615549,-2.036185462723477,1.4009495483698493,0.5065183483091827,-0.9083337411285342,0.5043319050747282,0.6527441556117427,-0.3432824192847516
p008_s1,-5.040310745363233,-1.828721744682756,-1.168290262095558,-0.6791463772596585,-0.37095609958449255,1.0521629237780044,-0.18141997937667081,0.9999906945485004,-0.6590446770607444,0.4373579557446519
p008_s2,-6.214965441274126,-1.700364520375431,2.815417438395373,8.540348597129864,-0.22232863470597672,0.6128159404573685,-0.580797363910625,1.1564503691376327,4.502421663343305,-0.38989707455306155
p009_s1,1.7379880122107325,-0.027299917098107487,0.1288407349494451,-1.4778990955570774,0.5903915269505475,0.39156794413226736,-0.9656272661682704,0.1744145116488388,0.872513338421133,-1.220050749002242
p009_s2,1.135457866668974,-0.2635191481267169,0.6453745696227066,-1.778904740010181,0.266025401697385,0.8920521482817932,-1.3141308668295664,-0.3448845933710439,0.7627466857038091,-1.4082933667050337
p010_s1,8.964555626162264,-1.5318963438374713,-2.526380579522279,1.2526000979752174,-0.8724846938629313,1.0491172361071923,-0.8938406644701061,0.5588065288271317,0.32308108126358576,0.4596913365201894
p010_s2,8.509629718452116,-1.7792850209676294,-2.1761130240237256,0.8777678922056977,-1.2621778556762382,-0.3483075675718974,-1.6540991289249776,-0.3958438403475052,0.4976519913264945,0.07186100145829405
p011_s1,-0.18067940972351132,0.41920083967585636,1.7030630246171856,-1.4111734910388065,2.3205804360833584,-0.7005577682287489,-0.010770347618282513,0.3210146162875107,0.21202647633156207,-0.1169768810819911
p011_s2,0.020792197381342862,0.9155450963905998,2.9686696986733816,1.0054697679610698,3.46138729887259,-0.41298263423080533,-0.2360903114793233,-0.2938903894541906,-1.3097009942260487,0.20644761719496757
p012_s1,-3.713687258928688,1.3074205758919912,-1.3439114510794827,-0.09078724656553201,0.6715916571595353,-0.43956130441583713,0.5519408350754397,-0.6926153107871594,-0.5030305870213773,0.7900363428082433
p012_s2,-3.5721115971371336,0.9625129729941334,-1.7467470326354173,-0.8673007107488693,0.19171329343404503,-0.08554351982787359,0.8401952696637547,-0.34967730040580175,-0.07519624972339296,0.49829646321710735
p013_s1,-3.2711602386368104,0.8293621997235007,0.33029222604735015,-1.6650632168723338,0.9400571735120058,-0.5903754259415723,0.5270235463296219,0.2962910856024399,0.6132866376815828,-0.2900432212868131
p013_s2,-1.352331909664732,0.2960053826726788,-1.369371439484889,-1.2214838984074903,0.453147071347335,0.5442431112494412,-0.8738452410014955,0.3670529713692618,0.46480127139740046,-0.6838857506339904
p014_s1,7.188188420615552,-0.8870861767791721,-0.47682679531184724,0.6141365199773682,-2.733694667569059,-0.38135158876371034,2.3963748580169577,-0.8613267686428392,0.18092566583122685,0.6944255039770368
p014_s2,6.592237850163982,-0.9099734095445021,-0.3542105332823376,0.2562300905347151,-2.674746253928727,-0.2566097918557655,2.2599782584674504,-0.8644879859916302,0.3750340835516281,0.3934765451392949
p015_s1,0.06354574316811269,2.741336947615315,-1.823458465778425,-0.37683081149810316,0.6551048757319974,-0.14749220039799538,0.22044019929662026,-0.4582716595353037,0.43772640434303406,-0.0997032432698939
p015_s2,0.059722551939446734,3.044532665786419,-1.7427473857820137,-0.23921967082775067,0.5734444554509502,0.5783538119549742,0.6925278456175316,-0.5000843128522916,0.35174717849030224,-0.40046414513368167
p016_s1,3.2823819428647236,1.088097380913241,-1.938032626844621,0.7852873524460671,-1.1474794007884652,-0.8919787773976973,0.9888337455010209,-0.6141562080996856,0.11332311065238444,0.2242372679750523
p016_s2,2.3964741700588044,0.9781467640328071,-1.034931199684012,0.9068877467872559,-1.4091431508259364,0.3351046348755149,0.6105223879845094,-1.3125221519917916,-0.3187392016956966,-0.42233131266655216
p017_s1,-5.44314791067924,1.9475510019260693,1.6213016293143239,-2.5848246260228187,0.42793196336653394,0.8318120094404244,0.6088837492794376,-1.496414187793753,0.4800933136904303,-0.331368747243608
p017_s2,-0.5021091034084006,-2.5710449643752904,0.668188138670792,-1.6124501643214963,-0.4213100390643685,-0.26764571025015144,-0.23014235139781805,0.8331779807031113,-0.02808654945529612,-0.02977875841714984
p018_s1,3.8957862767100147,-1.5210383388305335,4.713991948333911,-2.001871603531792,1.4513207212475692,-1.1842219691231068,1.491664386065182,0.4710953001922356,0.6741750070127243,0.38974843142698073
p018_s2,4.83826226226221,-1.5784770395988261,3.228469779128199,-1.501782544518505,0.272814209885552,-0.3237900174000225,1.7037689127696534,0.2713099905068498,0.5246809438323101,0.45020278556148313
p019_s1,-3.6726060255450226,0.7602822994142697,-3.29036996311014,-0.3141087273507086,0.31574251806359227,-0.9557973200127438,-1.2062574347054311,-0.5075769537840278,-0.03724766628381448,0.4415985578655758
p019_s2,-4.01546131546743,1.0028487578463878,-0.23875647386156096,4.153391715629002,0.9751794474566121,0.044820258886894164,-0.2619774295927839,-0.24243003053015358,-0.3795987754859125,0.45763033000680464
p020_s1,-3.1837536342496278,0.2980919498755141,0.6690119772030534,1.4599788251762222,0.9982626738419851,-0.6844927030396538,0.9164632287764676,-0.793308020669503,-1.8432700427229445,0.3307856731662349
p020_s2,-3.9488363469686574,0.32696298529998746,-0.004234821025803329,-1.9647969981175288,0.11293016093314495,-0.08942693158357545,0.7477338512046678,-0.2028503053952643,0.2672616851264541,-0.05267814685821259
p021_s1,-2.742106633431898,0.4469540093618572,-2.456850946501442,-1.024174878016147,0.5209001505854025,0.20862350857738995,-0.7818033056374166,0.48410084763855843,0.23034685706676483,0.009003603408330549
p021_s2,-2.788667948349278,-0.5378276341098517,-1.8936627768980656,-1.218642913882159,0.03668826840981633,-0.20759391905816446,-1.250041256813925,0.32079434419998,0.12671497448212699,-0.11181828414193735
p022_s1,-4.092034576237283,0.5660312003706112,-2.126278854114697,-0.6936424565616981,-0.21136589189393457,-0.7287291549795912,-0.35773907643947,-0.17439281289843456,0.06634571219012604,0.0931273479437876
p022_s2,-4.273697640001373,0.1503346427958371,-1.7569991061593833,-0.2554925971307531,-0.6281023319548132,-0.1856944481692492,-0.2518073113714006,-0.46566350407971446,-0.45702356977360836,0.35618886012797407
p023_s1,5.8157292987555635,1.226838389939021,5.312338295254295,-1.5032174033353345,2.3559369543557325,0.8769233161017569,-0.1470266692317503,-0.17767546651331448,0.7599747292417623,-1.0879441780794525
p023_s2,6.059886320338651,0.9241578967891756,5.15259440914846,-0.6700053222206488,1.8818052081952659,-1.6766357355624686,-0.9805190174685134,-0.7393486902418936,0.3835437730688162,-1.3521064956556998
p024_s1,-3.2336927793191794,0.4835015813276021,1.8597889938012166,3.876289627454779,1.778003038863242,-0.00989489886040385,0.15604052826394027,-0.18267767140775504,-0.46525760602633065,-0.22081493002642696
p024_s2,-3.065153164767943,0.5750267768576122,-0.6990126085201633,-0.3505608791296968,0.4923973247934046,0.6498393901530627,-0.45113818363015484,-0.2610205911521239,-0.11061527510181507,-0.2592570332356445
p025_s1,2.394553505266693,-1.8804584445267014,0.7844272850793492,-0.4347802907468381,-1.3094344089859602,0.7263056663590978,0.998265130502172,0.6147626987704703,-0.39493419482751035,-0.19395215097319773
p025_s2,2.404087008262109,-1.9396434986623465,-0.1871927169059275,-0.3096982173808758,-0.8682695860442121,1.0286771666872774,0.5914864018293473,1.2273486624234355,-0.38423587636039286,0.2796049399528554
p026_s1,-2.5486363849315956,-0.4696910025050665,-1.2023228323639472,-0.732988764920717,-0.5412246082329897,0.32694780427714587,2.035416965689482,1.0015591845296201,-0.2625715796148353,1.1793112764542584
p026_s2,-2.595740460914293,-0.22628461930409274,-1.1721728821926942,-0.7174283208678934,-0.9980038160346922,1.536196897710542,1.6995284899706138,0.2514326363242906,-0.36121184682665064,0.38943037388387436
p027_s1,-1.4909046945228566,-2.324445495438786,0.9384972827957361,-1.9905842456764342,0.9259951145375547,-0.37319223542188107,-0.5511361073502962,1.162585705507301,0.16016524903051826,0.17700742147078227
p027_s2,-1.6412692417513521,-2.110681271940385,0.7523257909493942,-1.4547779606362792,0.2786909757795891,0.20979305259960238,-0.8869817004144346,0.8090616503350886,-0.10135590230809725,-0.07408959537209137
p028_s1,-1.5727186972308957,1.6053322628041793,-2.514910601238531,-0.02622144441074733,0.904385184439117,-0.5391745699231315,-0.5613365132072531,0.3228374664696119,0.26903450283284536,0.05543658984138276
p028_s2,-1.221067303111524,1.2119389976602868,-3.115737605770038,-0.07833130306821999,0.8757859855932388,0.3294460512592311,-0.20917176233915763,0.8766337255651996,0.26058622626019384,0.24466992493989254
p029_s1,5.45130613497492,0.1186680422655998,0.8503007232367092,0.3840856823450102,0.752701348822769,0.5985885855093349,1.4455737389288632,0.45548142221555443,-0.1706143250129677,0.5156046335493043
p029_s2,5.152062791295219,0.4155727367257468,0.5360379523906508,0.9938153806607958,0.8854382432188465,0.8710770564170427,0.8046822140508727,0.06534215668650388,-0.7325917691261932,0.2488221572008251
p030_s1,3.375267990174828,-0.9087313178835603,-0.5232853187379457,-0.09423361575509058,0.9379991898011226,1.1967296708104012,0.2849978880650055,0.7801327517984012,-0.09106989634845555,0.48998731060247475
p030_s2,5.4876091483946485,-1.3439815202060859,-1.7343903220164616,-0.3324665904275899,0.1517810829895239,1.169361103115772,-1.4140783817746982,0.4665091200089489,0.7383397073297723,-0.06157312465889596
p031_s1,4.72351518784233,-0.11963477490761233,-1.347397813488955,0.1833036540347712,-0.4466811851193642,-0.13761562769468477,0.154392522131441,0.08364432359746406,0.20672133070894935,0.18921156089421232
p031_s2,6.509916350682616,1.8028387649146997,-0.5734565115320079,2.324878528416587,-0.5001160754462562,-0.7218165296318235,-0.23377827936722567,1.5272426691119927,-0.11189757653608624,0.4804164885131501
p032_s1,7.4438998065782656,-1.491796040208125,-1.5152444465720394,0.6694004912267336,1.5491019368468903,-0.053454134843517895,-1.669303892486827,1.7870534084754086,0.3462369072996168,0.4197882678565892
p032_s2,6.216241604973152,-1.8691505966817723,-0.5433134668340269,1.1604084179282628,1.3289844510895978,0.31036515337385095,-1.8853944502370743,0.9867625370839324,-0.43634582015373463,0.18448840450132092
p033_s1,-5.091067935887217,-2.382157352966395,-1.4313419410375687,0.42979698986223547,-2.3547523632803338,-1.2886816683135365,-0.37655119241043183,-0.6091127471780872,-0.7547926560302711,0.3728937281415943
p033_s2,-5.767892708548086,-1.6195425856696368,-1.8081049110988252,-0.9895953485288607,-2.7600920455938818,0.9556969585959293,-0.22142735298746097,-0.7365956209192568,-0.5000016478124091,-0.20095809641149473
p034_s1,-1.7599317428057113,0.43762830419757937,-0.443433045092543,-1.6678013218903762,0.9320129200129892,-0.5050492171601962,0.35827768216840766,0.08712695118313776,0.46891128947666355,0.5257727483961679
p034_s2,-1.8179245191735642,0.9375663783122549,-0.4638951258516859,-1.599142522335826,1.1290740001075406,0.03672081258295162,0.6462015891909044,0.11643878736670546,0.46097940062822484,0.20265301431617871
p035_s1,5.877149058403715,-2.4677854025956387,0.6965421294176518,-0.047261561262895574,-0.8216551339876016,-0.08288820646152487,0.846802481703608,0.8272927821821464,-0.16581832020992168,0.2912087364326151
p035_s2,5.504821177180402,-1.813149245289942,0.39860069513946544,-0.07278921291416263,-1.0545076913931593,2.1240682118665815,0.6705502753779041,1.2684583216124832,-0.21477846402878753,-0.41512207360713976
p036_s1,-0.8110439888348986,0.2855365424587455,0.5129783986888679,-1.6828893740945015,0.6381472899100928,0.3411734355604413,0.306413632563315,-0.025864511203420364,0.45775248025101906,-0.08717121547969969
p036_s2,-0.6977004441946462,1.0149721815095434,0.6645345653478755,-1.6875449105329763,0.9573400778948628,-0.07527017547793804,0.26746015383621735,-0.19777666970629168,0.5885454363295982,0.004810516233837025
p037_s1,5.702594385350291,2.496622312606394,0.3868236165839057,1.5346750346704507,0.8911793334965121,-2.068859405223143,-1.2464962954856067,-1.405242781061193,-0.039563675635383176,-0.6745217801003045
p037_s2,5.706270034729515,2.621774167499904,-0.1315744956767698,2.048111463680406,1.600244508992626,0.09899038347657534,-1.0201382283596918,-0.1989160069857936,-0.167883068172362,-0.4760514586932115
p038_s1,-4.726504650672573,-1.54470078557318,3.6555931249746463,6.0607450168927235,1.227908290491256,0.7729039483594031,0.08173030108539449,-1.122193272412376,-0.9712249669792863,-0.29676637489909685
p038_s2,-4.064526504332935,-1.2265327578235432,-0.7789917840615116,-1.499212309910085,-0.7172570332020144,0.26108041441165225,0.13350687139634834,0.29309812118934253,-0.00792353377297579,6.532650598674742e-05
p039_s1,-5.234933513079011,-0.9789037090779705,1.3470191064435681,3.9894561615700916,-1.3282296896200019,-0.3630719557553916,0.43904382079678617,0.43276920575071814,0.8323097707718009,-0.3067127446990677
p039_s2,-5.7579032108769335,-0.8251852299857525,1.7608345524654,4.52612417849343,-1.160945883750348,0.8078794677044375,0.4241716145532366,-0.7384266675341362,-0.09853459732776125,-0.8618986584143395
p040_s1,-5.217418119597116,-1.9206579750242385,0.9518266394791363,4.5977182980502835,0.5170691432653384,0.578592433418958,-0.24505283660416236,-0.3304460782570249,-0.8254039515574181,-0.2200169755768966
p040_s2,-4.850401410056024,-2.1637127960346283,-0.3204253576235452,3.2210098139972594,0.5890222102309858,-0.18980116311255438,0.0697898011518276,0.5644357689388498,-1.1695554696348616,0.5218509627778792
p041_s1,9.943589893462839,-1.9661717618123724,0.23644937081817577,1.2599432104387296,-0.17660009901287088,0.772654777101485,-0.8370157722533467,-0.37772047276514176,-0.2735132043121767,-0.425442922621915
p041_s2,15.13303651676289,-2.617488251791258,-0.19514533088356792,4.512263429325697,0.28491562985283336,0.8852707752478035,-2.4689627282582243,-1.6795542052722914,-1.5425686053866938,-0.07931643532419205
p042_s1,-5.122233734960018,-1.3519363913454712,-1.2740801984623924,-1.1140221373774608,-0.5372491412401421,-1.495937722156939,-0.07933670777208895,0.1692676185055436,-0.2680013073838386,0.6177731746859437
p042_s2,-5.609957395730119,-1.1759956813745907,-0.5638704490791921,1.143422580553146,-0.6024530772285432,-1.0399880033514555,-0.22793770478754977,-0.8574077791056195,-1.2069878689136835,0.3142743201122472
p043_s1,-6.437470453701407,1.6724910687829568,-3.2728791718432935,-0.3995803642528702,0.2256158037007104,-0.662166211823129,0.3509989667538117,0.005667492126364677,-0.1039260091563524,0.815308547434584
p043_s2,-6.65571572805586,1.9665442499145571,-0.7603296544476319,5.4154864932429145,0.5784921580044446,0.7888303124948113,0.463530199989581,-0.20113013999355955,0.6329396412787369,0.2094429142453287
p044_s1,-3.34290644347773,-0.2934544701561481,-1.0124640421222126,-0.6712884322933526,-0.3407054892169378,-1.47449381783648,0.320573186644786,-0.1460944446178477,-0.21073211071448794,-0.040296243727798775
p044_s2,-3.845508085721118,0.20440841986710287,0.4377145429532556,1.6936511513736623,-0.2624001754641789,-0.12918814308110685,0.2382489628495031,-0.45458569315042724,-0.22614632855990932,-0.35671210176816137
p045_s1,-0.7192648267715426,-2.7732421225202852,0.4949859498987003,-0.5573749887201734,-0.28080224814920657,-0.1705700977911123,0.024370001742140525,0.6358923743181639,-0.6755913816498189,0.31905755104697614
p045_s2,-1.2467830980939332,-2.7114522571516444,1.5728004997467782,1.1392296513037536,0.28007588261704647,0.012163888898656548,-0.4841266578140599,0.6920453675730281,-1.2465956315760431,0.5178069557352815
p046_s1,-2.4321576001101226,-1.7098965065765417,1.0763299602331677,-2.093095743742221,0.20589998387878608,0.22322071914135613,-0.5904671424839844,-0.22372693540792837,0.05068985973313157,-0.16167821205358873
p046_s2,-2.5049541627400838,-1.215047824872797,1.1269720255293223,-1.9921535535031194,0.2740537189923946,-0.11807102702238403,-0.375661139906027,-0.24958771614151268,0.27384008665550863,-0.09680277823705018
p047_s1,-5.420350987852355,-1.6335563482536897,-0.17581660610592803,-1.4183405387860362,-1.2242388151466999,1.1922230920769041,-0.012318343471638694,0.038048316133676596,-0.613161579954373,-0.022076677136422092
p047_s2,-5.242140551320412,-1.8207308509864117,-0.4028305299250114,-1.0355295529799777,-0.8989114566223505,-0.1250367270198704,0.02807427369856974,0.10302899927653435,-0.650597420476015,0.283510319341053
p048_s1,-0.5358450155296718,-1.2042800281243211,-1.421938909484847,-1.2266296386994109,0.38378327022613223,-1.4153405659535518,-1.211605368803794,0.23520861395508894,0.4738786758084135,0.09075565647295718
p048_s2,-0.9759150354696298,-1.1514465860848453,1.5647358834338045,3.949758831361394,1.7788263001167317,-0.5996406661462897,0.16592428566971873,-0.14445543244673395,-2.3400241060958646,0.31037305332416093
p049_s1,0.021376386148915513,0.24353490807637318,-3.2678150258062026,1.0095319888493353,-0.5656352419902229,-0.1990620971075207,-1.4746130585015678,-0.44748883474136447,-0.305935209550047,-0.022504673467739576
p049_s2,-0.02977428164868883,0.187918709318786,-3.0995977781422526,1.0386674385895158,-1.203666499341179,1.4150362085016954,-1.4760926065388456,-0.5601167463669326,-0.5395670110928064,-0.560193868750903
p050_s1,3.858106278712569,-0.13748324425517056,-1.200879845769211,1.8593197007836304,0.34041015572604444,-0.6157561266358903,-0.32922683534986935,-0.024072719736276595,-0.8815403459721323,0.43536973448992605
p050_s2,2.7781953586897985,0.31957628383673575,-2.1334281971355935,0.11949505741297833,-0.45450839559842604,1.1068100032384018,-0.09646232167716053,0.17002079374264778,0.22915381426894116,-0.11418969743903078
p051_s1,-0.3624054988935774,-1.7364096608091362,0.08523327838958769,-1.1721220617687897,-0.7323732827975146,0.26442902045270017,0.26087397030105264,0.09572632002812563,-0.014338295086242995,-0.31326182179058326
p051_s2,-0.2132961445761703,-1.6034630220257446,-0.4566579580447843,-0.981219653545766,-0.5896910949326569,0.4522920658849494,0.10000329078567308,0.34986371841540714,-0.027488975130248373,0.04585131360953299
p052_s1,-3.3862613301149564,-1.639016895831969,2.4328705698804973,1.5149636756593348,0.48513872052946244,1.0312481812338734,-0.22333964472827234,0.14944948016500884,-0.839425259846057,0.13288730985056063
p052_s2,-3.8077465253993146,-1.736128115710425,2.897343225773708,3.461469364408271,0.27756808824874535,0.5315831469956129,-0.5513713814297876,0.35463923182280394,0.3591210422500578,-0.3214415740277972
p053_s1,6.788565069610016,1.564607485684711,2.444402104895355,0.04743600420403434,0.8047102432311737,1.4125327421687441,3.251839360747473,-0.05021821345541377,0.06809469873602786,0.6302648763281273
p053_s2,8.031458974384353,0.11229946670627675,1.317158101698903,0.6921435454274345,-1.0771855458171502,-4.3441466068347445,1.3533058293935871,-1.542996595000145,0.27750821485980914,0.3653436181690243
p054_s1,2.0133176074869072,3.2995810854536263,-3.302496710338472,0.27149230619419357,0.4007012291959052,-0.5850510165522846,0.8687344666698251,-0.0904614864896731,0.7122356237668132,-0.08206325290890516
p054_s2,2.165325457914142,4.533457447393933,-3.400757419823191,1.7048045147464714,1.0160563847637447,0.8180715592038026,0.41586182768987406,-0.4901448563078334,0.2139697994563042,-0.026979261062679307
p055_s1,-0.9165060087463182,1.903831865063735,-2.353500061783658,-0.48211590552520844,1.0361510826509863,-0.47508693672512503,-0.6905388906396936,0.5117525353585548,0.5084039723474055,-0.26030603557237025
p055_s2,-1.301968644842253,1.7700157361377038,-2.560559307394266,-0.20582341268816953,0.24908305221537544,0.6742258308998169,-0.4694502257619256,0.7004371432913404,0.1561686269858062,-0.6585422052216374
p056_s1,-1.2284776290853339,-3.194398708106269,1.6231324033331274,-1.2603751848174767,0.19954122672545363,0.07183143261516681,-0.6061245555427454,0.8316416640196334,-0.49584409600993784,-0.017767093433243925
p056_s2,-1.7261776563088995,-3.18039396447584,2.284713941562313,-1.6414817476261958,0.8433101584835555,0.28375925191524226,-0.8245294827831327,0.72733168464578,-0.362992697774288,0.13980155400154642
p057_s1,-3.800055581639779,1.4725150759264485,-1.7449045598036468,0.26871262160288945,1.3469743575701842,-0.7775312909766641,0.22716664430512876,0.01594449967503711,-0.47082112013992894,1.1104273250334613
p057_s2,-3.476529738922683,1.1562589095048375,-1.9424136387710682,0.10232889056101414,0.9384797339917965,0.2241669136213467,0.908498441859585,0.5028753968441529,-0.4515872138197769,0.9001231425938455
p058_s1,-0.15047205798658486,1.037989476591068,-2.826080071800626,-0.09451826284500005,0.4498476964252215,0.6168900599160629,-1.083025584766424,-0.7802938212113115,0.041233271615970596,0.1546961711844462
p058_s2,-0.5094781933066151,1.7458608211976525,-3.122635124782452,0.27211395738005123,1.0814814722261115,0.6914340817593443,-0.27965147334958274,0.1655065204910846,-0.06180439570222622,0.36773721112436547
p059_s1,0.7788819892023258,-0.38884585835287727,-0.8259323834664358,-0.8546739703078213,-0.6359490973364709,-0.7440109263557048,0.3336467967373041,-0.22575320177973993,0.3787191880767084,-0.06055101306131361
p059_s2,1.4364839503001878,0.7257756951052997,-1.7607670778241222,0.46330673591255117,-0.4969913969327291,-0.8698935398266738,-0.355298165534496,-0.5741118130858172,-0.2232782698683684,-0.49090536523474654
p060_s1,1.3286004358568306,-1.8865746417314402,0.7059923517695941,-0.9995886017025336,-0.4799393017575349,-0.2675794159567285,-0.015703278495558762,0.9018054487039087,-0.07826136781783292,-0.2963266707583964
p060_s2,1.2978787096681474,-1.8727227606118497,1.0333569864372878,-0.907415500775689,-0.671669169431489,0.7081417150064513,0.530920821144927,1.0170337207068094,-0.13798743907912495,-0.46468243966003453
p061_s1,-0.541267843270015,1.344710563023649,-1.750137286942854,-0.0372794309228696,1.2469976031426135,-0.8246268745465966,-0.9949039081700558,0.016848017356145696,0.16195507946218962,0.06214614534219862
p061_s2,-0.09926768843264931,1.1996543851736037,-1.9701627210367587,-0.39625245224570604,1.6912755855366544,-0.47231653767809284,-0.647482250084891,0.700451352352043,0.2865729922220873,0.4548683905688584
p062_s1,0.7255034449220299,-1.4345934639667257,1.1410356568035578,-1.7246679848465094,0.5476288548468063,0.5289603658464345,-0.7773446091575174,-0.11133499965343222,0.485034939742549,-0.7644754391726997
p062_s2,1.577498432363736,-2.771112233418457,1.956049469347027,-2.034404097527829,1.5303014805061796,-3.2786442507536884,-1.1803962546742068,0.6745812999200833,0.7322462138291137,0.364904578617298
p063_s1,7.671831287628758,-0.9619263576927475,2.2603400002132257,-0.3404914347540902,1.08633956001664,0.6320388526405304,1.3318750683303757,0.8774161046621318,0.49242238360161394,0.9344067549933748
p063_s2,7.683814928984506,-1.0040424716682896,1.5575600207460565,0.1676299754514547,0.612257446313665,0.6716348429547337,0.7880726259880377,0.3790997802110352,0.027129225554158462,0.7243329314275389
p064_s1,3.368794017097174,-1.4974252200554985,0.2379030464395171,-0.6855316805258159,-1.0322386148932325,-0.20552750458049004,0.9749006750773845,0.0015142447641661428,0.1742006829207176,0.08197494462369027
p064_s2,2.9123480791744276,-1.7181944518582508,1.5001612029247204,2.49036911765479,0.14904548767696615,-0.018913350353003684,0.49974430189551905,-0.43532137815159444,-2.245120148506232,0.4539847414076774
p065_s1,-1.3270268913947103,-2.4318693399986966,-1.7371462948344578,-0.5136155923973882,-1.8565617949503093,0.14463829951328172,0.05472078390689414,0.4064441256786394,-0.25412876966413,0.06729116000362233
p065_s2,-1.7306745113862947,-2.551688672653382,-1.668229067616407,-0.8829837975077708,-1.7891240633610563,0.4412320024062734,-0.07419400304257595,0.4731875544708255,-0.19093714798802192,-0.05297508265773089
p066_s1,-2.905479569333955,-2.0169742272892295,0.18461630915202132,-1.7017797227226241,0.43464434224714055,-0.29265307661365764,-0.035859995789336095,0.7707113851682865,-0.01865940150478086,0.4178386399551747
p066_s2,-3.377690632845497,-1.631348473712735,0.75777476018829,-2.1040789888737357,0.31536126718931257,0.9127228461922877,0.604794741158512,0.737763006398324,0.1155069062344932,-0.08838630514885654
p067_s1,0.304956366449756,2.033664984331083,-0.30444939086834927,-1.1704374900462893,0.9321375584270094,-1.3879169229544568,2.0705183511032415,-0.01935561281669036,0.6472245793761964,0.9071454252681792
p067_s2,-0.25094961141777566,2.2855685762388065,0.19352992346627776,-0.45256608738296494,0.6491726390659105,1.8740464880781702,1.35120387970538,-0.8844460598945236,-0.2526967707825032,-0.5625079576117644
p068_s1,-0.12512065602149836,-2.572666998260707,2.0982642917727743,-1.4401282283127919,-0.2817322118120724,-0.22520781971469606,0.8569322553042932,0.3498056654100478,-0.2691544931146045,0.016256325475332276
p068_s2,1.2039877290763676,-1.991013136747275,1.236401506271788,-1.3883112274709248,0.7168630980704299,-0.7489913160663899,0.5656297402344682,1.1271546840963804,0.1885479421544355,0.5627880812888519
p069_s1,-2.1261864933799934,-0.835123532562612,-1.1407405204822736,-0.8140807854754301,-0.2757681899779395,-0.323946758226321,-0.716761449952877,0.29628983480383403,-0.09846890219961607,-0.10269242982491687
p069_s2,-2.178754542635895,-0.06777872030602766,-1.9562196829212224,-0.2401656003418475,-0.09184458195914251,0.2801032257202238,-0.04920933286350513,0.8316815127921078,-0.24952423568845217,0.2662796659157452
p070_s1,-3.449027323646473,0.6076737936286936,-1.5906388188449114,-1.0592361919903392,0.715352788785635,-0.1051005492062424,-0.03956354536180132,0.7217676849543311,-0.011862898108410042,0.5094737340094688
p070_s2,-3.904058295572794,0.9929600839698806,-0.934774616629464,-1.3301572294594637,0.9029088025032573,0.04906451730016187,-0.6170041075813458,0.1740735280319644,0.01711560830363273,0.29921137937570047
p071_s1,-2.9819427795909554,3.176837200274415,-3.007753325170547,-0.573509044943062,0.19849786936064334,-0.8733674204813207,0.7815347962081992,-0.8387124031371526,0.242432180005296,0.30884742621117484
p071_s2,-3.4646276337827993,4.097441221880536,-2.567289829021079,-0.6982120017325738,0.9730177254044341,-0.45139693646170803,1.0491755094819284,-0.45972413532340545,0.2716084926832202,-0.10092194233121561
p072_s1,8.145616947447385,0.9708639204458549,-2.8844622362861196,0.6413403767826598,-0.7277926646327837,-0.09989382248853132,0.8513600155256538,-0.25418422860125156,0.9844804745593111,0.6832491188145599
p072_s2,6.208790417395302,0.6128161246375936,-1.5696784746661385,1.681308721325989,0.35176616339142114,-0.25459831634700497,0.695266310395766,-0.09413416024563792,-0.6305934760496437,0.6335700034417858
p073_s1,-2.007327591504506,1.2773445593723194,1.815525463950561,-2.0125318953360667,0.06856723900918697,0.7659804570737336,0.2975719003828101,-1.7051777910243293,0.5023530452668945,-1.7984252559981349
p073_s2,-2.4223114335937357,7.653983371184457,9.551106556887282,-2.30394401057155,-3.489301100381666,2.394848615703434,-4.20349096565293,-2.8432551775159256,1.4942884515492592,7.189334023304981
p074_s1,0.10559559926999543,-1.666010952220828,0.09838275553230393,-0.9341825136491163,-1.1849729408319254,-0.42018419031541393,0.7184686088884672,0.2869866298398947,-0.11412604451254169,0.2646461647875057
p074_s2,-0.45744252308920197,-1.7251672835682084,0.19004906587097045,-1.1767153572549465,-1.2627648201036132,0.12777778954085933,0.005130299590366798,-0.13922635352791207,-0.10759636567002998,-0.2950503896891425
p075_s1,1.7115991922231746,5.18472036771787,-3.4298435038124895,2.1814787299753693,2.4591799311128044,2.7485251210333455,0.23267661561949507,-0.5998079203016422,-0.4528650896041374,-0.12844156868075823
p075_s2,-0.33579686894472466,3.581895858699229,-2.984794753768851,0.11455928818705459,1.6368645417568706,-0.981039349827694,1.6397965711546194,0.26133471158602184,0.48951148936716127,0.8111096627197563
p076_s1,-4.748296313658962,0.13322325793633288,-1.428486164051445,-1.2159439128564473,0.28120456780953507,-0.444167441693112,-0.13603408267651318,0.42874976737964066,0.05596707237424071,-0.007220465282629511
p076_s2,-5.192620522683609,0.1918552224908744,-2.2326520768858575,-0.7847697247803539,-0.26488939800985456,-0.5888577464397949,-1.2674483465913597,-0.24344319215989166,-0.11958513064422341,-0.2587394465644788
p077_s1,-0.2913495057889965,-1.5949049820873522,-0.907994932341931,-0.037202464987126115,-1.4269598849874747,-0.8850760036604853,-0.9316980426042261,-0.9109476079789302,-0.4734423915702622,-0.39069138593332403
p077_s2,-0.4038729185700055,-1.3487441246713534,-1.0079112161184214,0.4289563097522128,-1.3607480694071556,1.3941607388513333,0.007537112241253286,0.06830371462160627,-0.8148090247095915,-0.018507868097563024
p078_s1,-6.244232967760897,1.607426988453492,2.149289990426222,2.699302331050718,-1.1886171889268171,-0.9075382128542865,0.5781678989183994,0.36605412344684746,1.69804354215847,-0.7418152187867956
p078_s2,-6.880006500755629,1.71604806062446,-0.2932005162530443,-0.16126703808177303,-0.4039437077897291,1.4399424282811537,0.7680665923662927,-0.8543674575599288,-0.44288434572331276,-0.00908302044705053
p079_s1,5.455537151369461,-1.812229568016464,2.129985986903036,-1.178474318217398,-0.6810127346797036,0.5246560654454879,-0.3584408563485476,-0.8079726862629366,0.5136370668797103,-0.49605709735051834
p079_s2,5.5159928413344055,-1.4844743093661554,2.2101723083256557,-0.9945387345251243,-1.131556330104164,0.7186425224691245,-0.36217961076065014,-1.206926153258817,0.47042128326246985,-1.2436248214335541
p080_s1,-1.8596378811257979,-2.2200124235171135,2.0384126207615547,-2.6727483604152424,1.3232885849410523,0.004625450316143288,-0.6710046887089377,0.709829601318637,0.4949663239054636,0.2026751127806591
p080_s2,-2.3740537891463203,-2.7507698180392435,3.6425813840470807,1.2647701304838583,2.719452324770915,0.3371736285894386,-1.0922629068114336,-0.7427749153863628,-2.7019625265878764,0.3217888674383345
p081_s1,-3.5083917286561723,-2.4360578985807817,3.625819734475488,2.436487028010149,0.7482193024237862,-0.43964614495276605,0.4115993513389146,0.8449479872347329,-0.20833524800971906,-0.03808063102308723
p081_s2,-3.614237885513351,-2.5555517745439156,2.011768123837404,-1.62699729250574,0.3377761666629052,0.6991158685526156,0.2630314076427653,0.3685469290424813,-0.58995285842926,-0.2334406936590457
p082_s1,2.9957003324389095,17.078502318488074,3.638821235511353,0.7103711722532577,-4.7056671578814,-0.9690256800442402,-1.7895962161128411,3.883958241369295,-2.991646797252116,-1.6169812475303753
p082_s2,-2.0514292423685694,4.462094980510113,2.812242758521977,-2.6331782037827374,1.5146662487911968,1.212325945563664,0.2822653398439733,-3.006801568417073,1.3011064338555043,-1.848584208781802
p083_s1,1.4628689167080988,8.309613233375948,6.45637832186318,-0.8038849373753454,-3.4863574926231187,-2.6929119436056452,-0.7756150057844569,3.1122395437866017,-1.9180373486956912,-0.7128896458695076
p083_s2,-3.248908272113938,0.7982242844120562,4.095651277081147,-2.886226508096027,0.6461991951952333,1.3433159889210091,-0.9159277862472672,-2.1173524529204646,0.42988000314072683,0.23694146409002118
p084_s1,-0.39669802371638707,-2.524254366035145,0.9771711939001445,-1.4595624649436714,0.5341637266537941,2.0519463235597892,-0.26761796509059194,1.6543001791801972,-0.2873089732629835,0.012618218920711704
p084_s2,1.1027415446509066,-2.7939858735311613,0.780603570255861,-0.6877571970261744,0.7400634562214585,-0.7593872954678036,-1.2258030629565213,1.6471096356633061,-0.12776360779546816,0.3042018332688901
p085_s1,2.714588658277099,2.9441492780895206,0.3717738134209571,1.8467056963523547,0.5877768619238481,-0.6917634449945137,0.927880186381762,-0.7679866025111117,-0.6451995049281073,-0.21509199208721314
p085_s2,5.29453192423216,2.743780488268434,-2.4069099188238825,0.6359806160375644,-0.5790753380688121,0.0357806367225176,1.0222480563100311,-0.6294819868777926,0.5096309537652328,-0.061488701123776385
p086_s1,3.015064422431648,1.8243580810688962,-3.1957280692235566,0.016996369246558937,1.6815424063946052,-0.96066911495841,-0.7706675953801871,1.0679908800057525,0.8199087260691328,0.43116332897885973
p086_s2,1.7092678638408751,3.027293149578335,-2.0154943943847234,-0.31781123620184704,1.9701231654496068,-0.3647652620831206,-1.8882001710535263,-0.5101342736973163,0.8454596460012813,-0.7670211091655746
p087_s1,2.0094001703610735,-0.9704602835449275,-1.005161374372003,-0.19262499503176295,-1.7604084329209266,0.5330828506541171,-0.9069753607046592,-0.7991283860690356,0.018818285283661015,-0.5225136798092034
p087_s2,1.446668754524113,-0.8765052632365271,-0.9285005421684168,-0.42299646092825965,-1.0954909834028688,0.43705762058885833,-0.04821248041859966,-0.005925630132328857,0.036063513078150214,-0.5036396298542981
p088_s1,7.383439647360246,-1.392225057696694,0.40809351294337926,0.024710220506137158,-0.1784283585255107,-1.9063908195169952,-0.18816504616035826,-0.24831194920539437,0.6131192355561985,0.4260412017485675
p088_s2,7.982417001347269,-0.6681247148757986,0.2345177440183438,0.42874173011200933,0.23580834386447996,0.7007680183874431,0.734076101364683,0.6979449337587603,0.16539394800310775,0.2601425049810022
p089_s1,1.2800209178593438,1.8129859608712031,-2.8961918133814786,-0.4555171290912408,0.8830043775578533,-1.1651478519787766,-0.5227218089992238,-0.633244076890838,0.7985823944984726,0.28193936991100527
p089_s2,0.7564614743464445,2.278637627357637,-2.185857674041223,0.7217205617385385,1.0092008519184004,0.6452106246373249,-0.0074358676492350005,-0.9679381289870314,-0.34586661172510097,-0.31367122142914
p090_s1,-1.7602684519717902,0.36590977386775436,-0.06923918488227075,-0.5489216300856747,-0.09671027787127129,-2.089140841141161,-0.1994305275473154,-1.3237616171528375,-0.20724665343594348,-0.6236590904556792
p090_s2,-0.3212880008571956,0.8171349913173968,-1.233019196015498,0.02667781680736234,0.7450417155292325,-0.3115623418715869,0.18255949125626356,0.14998190423407368,-0.2087216166613402,0.09356730093724462
p091_s1,-4.092239023310277,3.221145077263829,-2.487859212972395,-0.7394347092550898,1.5495042674364459,0.6263203591305896,0.4661341497753698,0.018492081952977742,0.37530222016575737,0.16293063541600966
p091_s2,-4.01314379029055,4.975532429430424,-1.3499644290562844,2.9208467130713567,0.6520767399591155,3.1425300790709048,1.47015629623985,2.894755418663003,1.0522382422660619,0.7086410461048003
p092_s1,3.304705069942201,-0.4784933444545104,-1.6314529635793102,0.1622950145102936,-2.0502780985816256,-0.8100404464493255,1.141621719506954,-0.7696359498105495,0.12042880933487693,0.6841283834978849
p092_s2,1.5881150240041562,-0.9069498292320353,-0.4480564107353243,-0.6192393477807778,-0.6419903923622561,0.04075586518738086,0.648307102342126,-0.0011852810352875381,0.07456676300008093,0.17551178368607484
p093_s1,1.2428191572598646,-0.1279903281904075,3.8307584253074447,2.2996743212377915,2.019493055946112,-0.3033906786327598,1.6961354695572717,-0.8355494458183008,-2.7098174479392116,0.4451637478218779
p093_s2,0.27469190380121644,0.7280097422736138,3.300635553031167,-2.072376246304457,1.1827851086372876,-0.45522673308879097,1.8186494243475053,-0.3000262853977953,0.39921502470870573,0.11980118823882163
p094_s1,2.4213729730092606,-0.753737566406054,0.5325000906863858,-1.2004621408373808,-1.569819290505546,0.12187399136103622,0.4356911558773269,-0.3765520873863675,0.33547932312198653,-0.8854486653992382
p094_s2,1.008556842358367,-0.6449564929059702,1.9937183438679642,-1.8551365576619445,-1.1204685703784807,0.49674921505247616,0.34472438812436995,-0.623188004147864,0.3451351119911737,-1.084011920289759
p095_s1,9.262630881354198,-2.182524657509972,-1.4082809776527048,0.4945196649683461,0.5130772649115038,-1.5758668485974505,-1.2341263020750655,1.0532048191105743,0.8317898313133951,1.3064917869330661
p095_s2,6.303613229781443,-1.5373306633462431,-0.7394057071559379,-0.099627519181794,0.016575322170763827,1.070550306766669,-1.6885459460767014,0.1482161681281159,0.3785360660258357,-0.06366733340507906
p097_s1,7.731278378397602,-0.9598915783181659,-0.5272859365333435,0.5667545943038466,-1.9294045492978713,0.45830211749030014,1.5040405680708746,-0.37466073792269755,0.3024087963325343,0.2542284460732964
p097_s2,6.857279784849458,-0.7119197522256633,-0.37487568374694713,0.11422532034678311,-1.6529729547866974,0.7493994341931248,0.5912598262859464,-0.8098191416805888,0.3400803343111025,-0.2902851307001122
p098_s1,-2.7363547802798247,2.274565790410765,3.7339674660995574,1.2892407956767296,-1.3525694904486736,-0.27742204084033767,0.0022937302865767575,1.534357981380376,0.9080451745212328,-0.5138315999711555
p098_s2,-3.952197309501822,-0.42401900425437006,1.9722520726386172,-0.6240375097389944,-0.506586461535359,1.4183528538569459,-0.00668895655182009,-0.7329340464847232,-0.23856921663403236,-1.0989409067222535
p099_s1,1.9689535733805799,-0.09967668209233858,-0.9166391319835916,-0.498014241301434,-1.716973409426217,0.47483192349572256,-0.15039308781873897,-0.9723847112281266,0.27278921022613456,-0.7664140672317175
p099_s2,1.4253768352415235,-0.6818385634334382,-0.43356231418464275,-0.5580311836310217,-1.5047497334668252,0.6128841351380582,0.021070069722364013,-0.9691902437820734,0.03890955024351503,-0.23488885153989592
p100_s1,-1.6977268305928224,0.07212673754807958,-1.0317998898440084,-1.0533948315148556,-0.7041860131644382,-1.460753913218713,-0.134327010709504,-0.7485672031301692,0.23935897927043734,0.0016368215899468744
p100_s2,-2.37086590434669,-0.11310068320725286,-0.55910813601667,-1.3569641805778412,-0.9524687254716663,-0.44258546912495933,-0.20564659045893688,-0.9018166891514632,0.21206451655238906,-0.5901875969677991
p101_s1,-7.688290385083584,-1.3735344699918708,-1.5444476200786914,-1.6407996468810606,-1.4229709650791746,-0.791017136312019,-0.07983562561160343,0.21016641303478198,-0.4141200278082762,-0.5754843307686767
p101_s2,-7.708457617195961,-1.296782168276705,-0.3734222764463029,-2.216880582199267,-0.37237950377254675,-0.8025163280726059,0.3519576307030967,0.5779611227502086,-0.10984877189265495,-0.24015709637942478
