participant,session,key,press_time,release_time
p101,1,t,1742674542.3173296,1742674542.3946004
p101,1,h,1742674542.3998258,1742674542.431908
p101,1,e,1742674542.4519126,1742674542.5306652
p101,1,space,1742674542.5318477,1742674542.6079962
p101,1,w,1742674542.63441,1742674542.712058
p101,1,u,1742674542.6717865,1742674542.7894971
p101,1,i,1742674542.7973852,1742674542.8272274
p101,1,c,1742674542.8613536,1742674542.9764843
p101,1,k,1742674542.9389775,1742674543.0542326
p101,1,space,1742674543.015678,1742674543.0933225
p101,1,b,1742674543.1144876,1742674543.1948316
p101,1,r,1742674543.2045774,1742674543.3201754
p101,1,o,1742674543.2825782,1742674543.357753
p101,1,w,1742674543.3603923,1742674543.4750354
p101,1,n,1742674543.3969638,1742674543.514878
p101,1,space,1742674543.4810321,1742674543.5900583
p101,1,f,1742674543.552092,1742674543.667108
p101,1,o,1742674543.6299977,1742674543.747908
p101,1,x,1742674543.807893,1742674543.919877
p101,1,space,1742674543.8428311,1742674543.9982738
p101,1,j,1742674544.0013707,1742674544.0753624
p101,1,u,1742674544.114829,1742674544.2299347
p101,1,m,1742674544.2770362,1742674544.4315243
p101,1,p,1742674544.394378,1742674544.4698505
p101,1,s,1742674544.4718573,1742674544.5476053
p101,1,space,1742674544.5486052,1742674544.6242115
p101,1,o,1742674544.5852258,1742674544.7013507
p101,1,e,1742674544.7257645,1742674544.8430448
p101,1,v,1742674544.7649264,1742674544.8459756
p101,1,r,1742674544.846982,1742674544.9206893
p101,1,space,1742674544.9206893,1742674544.9963806
p101,1,t,1742674545.0023773,1742674545.1193492
p101,1,h,1742674545.0394893,1742674545.1213217
p101,1,e,1742674545.157875,1742674545.272891
p101,1,space,1742674545.279877,1742674545.3491054
p101,1,l,1742674545.3523326,1742674545.4261835
p101,1,a,1742674545.3871992,1742674545.4656909
p101,1,z,1742674545.5376914,1742674545.6533003
p101,1,y,1742674545.6147234,1742674545.731104
p101,1,space,1742674545.6910086,1742674545.7692993
p101,1,d,1742674545.770299,1742674545.8460438
p101,1,o,1742674545.8480453,1742674545.9244738
p101,1,g,1742674545.9259539,1742674546.0006213
p101,1,",",1742674546.0387099,1742674546.204413
p101,1,space,1742674546.1561506,1742674546.2334156
p101,1,i,1742674546.297579,1742674546.4130003
p101,1,space,1742674546.3761194,1742674546.4925504
p101,1,q,1742674546.4973726,1742674546.6058025
p101,1,r,1742674546.666756,1742674546.7841942
p101,1,o,1742674546.7861972,1742674546.85905
p101,1,t,1742674546.8604221,1742674546.9750803
p101,1,e,1742674546.9370823,1742674547.0143082
p101,1,space,1742674547.0143082,1742674547.0910811
p101,1,s,1742674547.1931012,1742674547.3102808
p101,1,o,1742674547.2715406,1742674547.347403
p101,1,space,1742674547.311278,1742674547.386603
p101,1,m,1742674547.4017203,1742674547.5235386
p101,1,a,1742674547.5295272,1742674547.5990183
p101,1,n,1742674547.603526,1742674547.6752717
p101,1,y,1742674547.7485065,1742674547.8621101
p101,1,space,1742674547.8250227,1742674547.9416678
p101,1,k,1742674548.1712627,1742674548.2875223
p101,1,e,1742674548.2485683,1742674548.3271186
p101,1,y,1742674548.3422818,1742674548.4229405
p101,1,s,1742674548.4350545,1742674548.4988406
p101,1,space,1742674548.5053048,1742674548.5749888
p101,1,r,1742674548.5939274,1742674548.6565986
p101,1,i,1742674548.6646013,1742674548.6944578
p101,1,g,1742674548.7166052,1742674548.7954822
p101,1,h,1742674548.8014045,1742674548.8723838
p101,1,t,1742674548.87636,1742674548.95049
p101,1,space,1742674548.9553888,1742674549.0256507
p101,1,n,1742674548.9863634,1742674549.1036584
p101,1,o,1742674549.0636666,1742674549.1414442
p101,1,w,1742674549.1055496,1742674549.1824405
p101,1,space,1742674549.1955252,1742674549.2755373
p101,1,i,1742674549.2775307,1742674549.390026
p101,1,space,1742674549.3521566,1742674549.4292836
p101,1,a,1742674549.4529252,1742674549.5713468
p101,1,m,1742674549.5322385,1742674549.6475353
p101,1,space,1742674549.608341,1742674549.6866434
p101,1,h,1742674549.7535214,1742674549.865987
p101,1,n,1742674549.9063406,1742674549.9842837
p101,1,o,1742674549.8269894,1742674549.9891343
p101,1,e,1742674549.995132,1742674550.061871
p101,1,s,1742674550.1365402,1742674550.216234
p101,1,t,1742674550.3006394,1742674550.4193873
p101,1,l,1742674550.4325566,1742674550.4540143
p101,1,y,1742674550.4550197,1742674550.5323381
p101,1,space,1742674550.5377543,1742674550.613321
p101,1,s,1742674550.6292198,1742674550.7461383
p101,1,o,1742674550.70669,1742674550.823486
p101,1,space,1742674550.7853308,1742674550.8617156
p101,1,d,1742674550.8726447,1742674550.9922464
p101,1,o,1742674550.9962146,1742674551.0682552
p101,1,n,1742674551.029339,1742674551.1474738
p101,1,e,1742674551.154659,1742674551.1827798
p101,1,space,1742674551.197823,1742674551.2746952
p101,1,w,1742674551.288822,1742674551.3660882
p101,1,i,1742674551.373511,1742674551.4415863
p101,1,t,1742674551.4485776,1742674551.5227325
p101,1,h,1742674551.5240366,1742674551.633946
p101,1,space,1742674551.5966232,1742674551.6717813
p101,1,t,1742674551.8428237,1742674551.9189568
p101,1,h,1742674551.9272768,1742674552.038059
p101,1,i,1742674551.99924,1742674552.077053
p101,1,s,1742674552.0870411,1742674552.155486
p101,1,space,1742674552.113925,1742674552.1956155
p101,1,s,1742674552.2264652,1742674552.3421466
p101,1,h,1742674552.3060317,1742674552.4214587
p101,1,i,1742674552.345162,1742674552.4602423
p101,1,t,1742674552.4712548,1742674552.5377495
p101,1,",",1742674552.5487201,1742674552.702694
p101,1,space,1742674552.6637082,1742674552.7436757
p101,1,i,1742674552.7826877,1742674552.8562343
p101,1,t,1742674552.9033382,1742674552.9836922
p101,1,space,1742674552.9916887,1742674553.060153
p101,1,w,1742674553.0854392,1742674553.1643648
p101,1,a,1742674553.1681485,1742674553.278826
p101,1,l,1742674553.238833,1742674553.319417
p101,1,a,1742674553.478836,1742674553.593249
p101,1,l,1742674553.5992186,1742674553.6704361
p101,1,w,1742674553.6764407,1742674553.747452
p101,1,a,1742674553.7504625,1742674553.9019918
p101,1,y,1742674553.8240032,1742674553.9069743
p101,1,s,1742674553.910969,1742674553.9789867
p101,1,space,1742674553.998979,1742674554.1140397
p101,1,g,1742674554.1159708,1742674554.152515
p101,1,o,1742674554.173528,1742674554.246509
p101,1,r,1742674554.259517,1742674554.298539
p101,1,e,1742674554.3162076,1742674554.354093
p101,1,s,1742674554.3861008,1742674554.500088
p101,1,space,1742674554.5029922,1742674554.5385163
p101,1,l,1742674554.5405154,1742674554.6185606
p101,1,i,1742674554.6276422,1742674554.6936524
p101,1,k,1742674554.7166367,1742674554.83056
p101,1,e,1742674554.7904446,1742674554.871458
p101,1,space,1742674554.878927,1742674554.94599
p101,1,t,1742674554.9509916,1742674555.0249813
p101,1,h,1742674555.026979,1742674555.1009796
p101,1,s,1742674555.1029782,1742674555.180985
p101,1,i,1742674555.0619836,1742674555.1858585
p101,1,space,1742674555.2015908,1742674555.2826097
p101,1,s,1742674555.2881207,1742674555.3599434
p101,1,o,1742674555.5519009,1742674555.666336
p101,1,u,1742674555.6712399,1742674555.7442589
p101,1,l,1742674555.74924,1742674555.826889
p101,1,d,1742674555.830886,1742674555.9419048
p101,1,v,1742674555.9448736,1742674556.0208976
p101,1,e,1742674556.03189,1742674556.1048958
p101,1,space,1742674556.1098764,1742674556.182444
p101,1,b,1742674556.2775488,1742674556.3137493
p101,1,=,1742674556.443472,1742674556.5244823
p101,1,p,1742674556.6164722,1742674556.7300532
p101,1,r,1742674556.7370574,1742674556.8176267
p101,1,e,1742674556.8407288,1742674556.960639
p101,1,d,1742674556.9886174,1742674557.065638
p101,1,i,1742674557.0696118,1742674557.1452417
p101,1,c,1742674557.1512363,1742674557.2198498
p101,1,t,1742674557.259843,1742674557.3397
p101,1,e,1742674557.3446639,1742674557.412684
p101,1,d,1742674557.4702349,1742674557.5852175
p101,1,space,1742674557.5912611,1742674557.661775
p101,1,i,1742674557.7298932,1742674557.8065505
p101,1,t,1742674557.8085487,1742674557.885559
p101,1,",",1742674557.942664,1742674558.0944405
p101,1,space,1742674558.0553422,1742674558.1346104
p101,1,i,1742674558.1511426,1742674558.2272332
p101,1,m,1742674558.2972548,1742674558.4120257
p101,1,space,1742674558.3730495,1742674558.4519258
p101,1,s,1742674558.459929,1742674558.5409238
p101,1,o,1742674558.5509267,1742674558.6529188
p101,1,space,1742674558.6139376,1742674558.6578457
p101,1,n,1742674558.7468219,1742674558.8642128
p101,1,a,1742674558.8250973,1742674558.9422133
p101,1,i,1742674558.9671788,1742674559.04256
p101,1,v,1742674559.637117,1742674559.714113
p101,1,e,1742674559.7211273,1742674559.7975922
p101,1,space,1742674559.8006506,1742674559.8745396
p101,1,t,1742674559.8806536,1742674559.9565866
p101,1,o,1742674559.958566,1742674560.0725586
p101,1,space,1742674560.0325587,1742674560.1106036
p101,1,t,1742674560.1116726,1742674560.1493275
p101,1,h,1742674560.1703265,1742674560.2873244
p101,1,i,1742674560.2483263,1742674560.3632605
p101,1,n,1742674560.3711817,1742674560.487789
p101,1,k,1742674560.4497757,1742674560.565797
p101,1,space,1742674560.5258791,1742674560.604776
p101,1,y,1742674560.6158943,1742674560.6947765
p101,1,o,1742674560.696777,1742674560.809424
p101,1,u,1742674560.7709615,1742674560.887615
p101,1,;,1742674560.9336262,1742674561.0507915
p101,1,d,1742674561.0517883,1742674561.166448
p101,1,space,1742674561.1674476,1742674561.2431035
p101,1,l,1742674561.3062558,1742674561.4236975
p101,1,o,1742674561.4708967,1742674561.548739
p101,1,v,1742674561.5507393,1742674561.664855
p101,1,e,1742674561.6252363,1742674561.7038555
p101,1,space,1742674561.7058535,1742674561.7418118
p101,1,m,1742674561.742798,1742674561.8188732
p101,1,e,1742674561.820993,1742674561.8973808
p101,1,space,1742674561.8993795,1742674561.9743714
p101,1,f,1742674561.9972405,1742674562.0773113
p101,1,o,1742674562.0823593,1742674562.1581025
p101,1,r,1742674562.161098,1742674562.2317529
p101,1,space,1742674562.235796,1742674562.4251382
p101,1,m,1742674562.385796,1742674562.5020795
p101,1,e,1742674562.553778,1742674562.630674
p101,1,",",1742674562.6336694,1742674562.7850792
p101,1,space,1742674562.7461545,1742674562.82392
p101,1,k,1742674562.8928027,1742674562.9723132
p101,1,i,1742674563.0137715,1742674563.093109
p101,1,d,1742674563.1070924,1742674563.1291022
p101,1,d,1742674563.186046,1742674563.266773
p101,1,s,1742674563.4170308,1742674563.5361342
p101,1,e,1742674563.5735521,1742674563.652662
p101,1,d,1742674563.710245,1742674563.8256166
p101,1,space,1742674563.8319724,1742674563.903848
p101,1,a,1742674564.0127442,1742674564.1290388
p101,1,s,1742674564.091409,1742674564.1688643
p101,1,space,1742674564.178873,1742674564.2047102
p101,1,a,1742674564.2189233,1742674564.3376565
p101,1,space,1742674564.3438199,1742674564.45017
p101,1,i,1742674564.418147,1742674564.5660558
p101,1,space,1742674564.527702,1742674564.6451693
p101,1,r,1742674564.7882578,1742674564.8672998
p101,1,a,1742674564.9229257,1742674565.039726
p101,1,n,1742674565.0015707,1742674565.1547801
p101,1,space,1742674565.077577,1742674565.1948078
p101,1,o,1742674565.2447886,1742674565.361097
p101,1,f,1742674565.5157406,1742674565.5927544
p101,1,f,1742674565.628629,1742674565.7043846
p101,1,space,1742674565.718656,1742674565.7816627
p101,1,s,1742674565.7928088,1742674565.9133232
p101,1,t,1742674565.9223065,1742674565.9480805
p101,1,a,1742674565.9500914,1742674566.0658581
p101,1,g,1742674566.0694993,1742674566.1431847
p101,1,e,1742674566.152181,1742674566.1791172
p101,1,",",1742674566.2300365,1742674566.3801587
p101,1,space,1742674566.345861,1742674566.4202676
p101,1,t,1742674566.4416964,1742674566.5112352
p101,1,o,1742674566.5398488,1742674566.6144788
p101,1,o,1742674566.6524673,1742674566.7667081
p101,1,space,1742674566.7294781,1742674566.8076682
p101,1,o,1742674566.912403,1742674567.0265024
p101,1,l,1742674567.0611844,1742674567.1396997
p101,1,d,1742674567.1469958,1742674567.2148528
p101,1,space,1742674567.2218637,1742674567.293141
p101,1,t,1742674567.300894,1742674567.371624
p101,1,o,1742674567.3826172,1742674567.4838884
p101,1,space,1742674567.4436257,1742674567.4863925
p101,1,p,1742674567.5638049,1742674567.7193446
p101,1,l,1742674567.6425993,1742674567.7594025
p101,1,a,1742674567.7193446,1742674567.8372886
p101,1,y,1742674567.8472598,1742674568.0018723
p101,1,space,1742674567.9202585,1742674568.038183
p101,1,t,1742674568.0509202,1742674568.1148229
p101,1,h,1742674568.1188147,1742674568.2324193
p101,1,i,1742674568.1533976,1742674568.267775
p101,1,s,1742674568.2383924,1742674568.3090847
p101,1,space,1742674568.3120632,1742674568.3866408
p101,1,g,1742674568.3936276,1742674568.5024574
p101,1,a,1742674568.507432,1742674568.6184287
p101,1,m,1742674568.6204267,1742674568.734456
p101,1,e,1742674568.7415285,1742674568.812029
p101,1,",",1742674568.8700373,1742674569.0247986
p101,1,space,1742674568.9860325,1742674569.1020644
p101,1,g,1742674569.852916,1742674569.9639845
p101,1,u,1742674569.9279974,1742674570.002986
p101,1,e,1742674569.9679818,1742674570.0420349
p101,1,s,1742674570.0869925,1742674570.1631963
p101,1,s,1742674570.1983106,1742674570.313339
p101,1,space,1742674570.3173087,1742674570.3886294
p101,1,y,1742674570.449753,1742674570.5658946
p101,1,o,1742674570.5719543,1742674570.720645
p101,1,u,1742674570.6445906,1742674570.8336837
p101,1,space,1742674570.7975438,1742674570.9135659
p101,1,r,1742674570.9578526,1742674571.0374525
p101,1,e,1742674571.9445372,1742674572.059579
p101,1,space,1742674572.0664587,1742674572.1357586
p101,1,s,1742674572.19213,1742674572.26897
p101,1,t,1742674572.3257647,1742674572.3981097
p101,1,i,1742674572.4072084,1742674572.514798
p101,1,l,1742674572.4342272,1742674572.5247643
p101,1,l,1742674572.5518801,1742674572.6665676
p101,1,space,1742674572.6293602,1742674572.743331
p101,1,g,1742674572.7472274,1742674572.7820475
p101,1,o,1742674572.7899413,1742674572.9467883
p101,1,r,1742674573.0544431,1742674573.0917742
p101,1,r,1742674573.382622,1742674573.4627404
p101,1,o,1742674573.469823,1742674573.543282
p101,1,w,1742674573.55728,1742674573.6535594
p101,1,i,1742674573.6140053,1742674573.769572
p101,1,n,1742674573.6915598,1742674573.8102725
p101,1,g,1742674573.8162422,1742674573.8853133
p101,1,space,1742674573.8902526,1742674574.006623
p101,1,u,1742674574.0535016,1742674574.2094483
p101,1,p,1742674574.1377785,1742674574.285113
p101,1,space,1742674574.218398,1742674574.3253622
p101,1,a,1742674574.345993,1742674574.4240143
p101,1,t,1742674574.4832814,1742674574.5592737
p101,1,space,1742674574.567983,1742674574.6458237
p101,1,t,1742674574.6507852,1742674574.7217312
p101,1,h,1742674574.7247298,1742674574.8381464
p101,1,i,1742674574.8014169,1742674574.8770702
p101,1,r,1742674574.8400915,1742674574.916919
p101,1,t,1742674575.0223575,1742674575.098357
p101,1,y,1742674575.1093535,1742674575.1733127
p101,1,",",1742674575.2877452,1742674575.4054909
p101,1,space,1742674575.3675141,1742674575.4828603
p101,1,o,1742674575.5889022,1742674575.7077243
p101,1,h,1742674575.7355247,1742674575.8534844
p101,1,space,1742674575.8635945,1742674575.9680037
p101,1,o,1742674575.9790032,1742674576.1289248
p101,1,h,1742674576.0914652,1742674576.2052398
p101,1,space,1742674576.1672838,1742674576.2454684
p101,1,o,1742674576.24864,1742674576.4003668
p101,1,h,1742674576.3632092,1742674576.4373891
p101,1,space,1742674576.4053843,1742674576.5160186
p101,1,o,1742674576.5242028,1742674576.6699429
p101,1,h,1742674576.5960345,1742674576.7469656
p101,1,space,1742674576.7096553,1742674576.8333626
p101,1,o,1742674576.8383439,1742674576.9414966
p101,1,h,1742674576.8626187,1742674577.0164618
p101,1,space,1742674576.9774616,1742674577.0943477
p101,1,d,1742674577.2157593,1742674577.2957537
p101,1,i,1742674577.2531977,1742674577.3295882
p101,1,w,1742674577.6943858,1742674577.8060915
p101,1,e,1742674577.7693393,1742674577.883348
p101,1,r,1742674577.8992074,1742674577.9766977
p101,1,e,1742674578.019157,1742674578.1361651
p101,1,space,1742674578.1371665,1742674578.213616
p101,1,y,1742674578.2166336,1742674578.2924237
p101,1,o,1742674578.252072,1742674578.409903
p101,1,u,1742674578.3296702,1742674578.4451537
p101,1,space,1742674578.416268,1742674578.4847937
p101,1,s,1742674578.4933813,1742674578.5639336
p101,1,u,1742674578.8847828,1742674578.9610305
p101,1,r,1742674578.9640265,1742674579.0382888
p101,1,p,1742674579.0860286,1742674579.2018151
p101,1,r,1742674579.3099277,1742674579.3872714
p101,1,i,1742674579.397675,1742674579.4700744
p101,1,s,1742674579.4806595,1742674579.5841014
p101,1,e,1742674579.6027093,1742674579.6834354
p101,1,d,1742674579.7365878,1742674579.8173895
p101,1,space,1742674579.8263721,1742674579.900922
p101,1,b,1742674579.9521177,1742674580.0668511
p101,1,y,1742674580.121823,1742674580.197354
p101,1,space,1742674580.2508948,1742674580.3681839
p101,1,m,1742674580.3731945,1742674580.4440796
p101,1,e,1742674580.4460766,1742674580.5215907
p101,1,",",1742674580.540145,1742674580.6933298
p101,1,space,1742674580.6546078,1742674580.7721925
p101,1,w,1742674580.9255447,1742674581.0029266
p101,1,h,1742674581.0069125,1742674581.0801513
p101,1,e,1742674581.0881455,1742674581.203595
p101,1,n,1742674581.1640449,1742674581.2801204
p101,1,space,1742674581.2473357,1742674581.3214579
p101,1,y,1742674581.3294902,1742674581.403502
p101,1,o,1742674581.412879,1742674581.5135698
p101,1,u,1742674581.4340065,1742674581.550244
p101,1,space,1742674581.5205655,1742674581.5893514
p101,1,t,1742674581.7761362,1742674581.8519592
p101,1,o,1742674581.960847,1742674582.035249
p101,1,o,1742674582.0802674,1742674582.194792
p101,1,space,1742674582.232808,1742674582.270652
p101,1,k,1742674582.1561995,1742674582.273262
p101,1,m,1742674582.3420458,1742674582.456691
p101,1,e,1742674582.4626915,1742674582.532779
p101,1,space,1742674582.493033,1742674582.5717251
p101,1,h,1742674582.6110518,1742674582.7251735
p101,1,o,1742674582.6892138,1742674582.803969
p101,1,m,1742674582.8341625,1742674582.9507794
p101,1,e,1742674582.9617293,1742674582.9866781
p101,1,",",1742674583.0145326,1742674583.1306746
p101,1,space,1742674583.1406498,1742674583.1659079
p101,1,w,1742674583.1815205,1742674583.2962801
p101,1,h,1742674583.2585413,1742674583.3367133
p101,1,e,1742674583.3445277,1742674583.4501684
p101,1,n,1742674583.41509,1742674583.5273087
p101,1,space,1742674583.4900398,1742674583.603549
p101,1,t,1742674583.7160497,1742674583.7956226
p101,1,h,1742674583.8069446,1742674583.871817
p101,1,e,1742674583.882734,1742674584.000284
p101,1,space,1742674583.960702,1742674584.041156
p101,1,g,1742674584.247927,1742674584.3213758
p101,1,l,1742674584.326524,1742674584.4060662
p101,1,a,1742674584.4292133,1742674584.5499532
p101,1,m,1742674584.557065,1742674584.6229873
p101,1,o,1742674584.6665692,1742674584.817195
p101,1,u,1742674584.7376256,1742674584.8271732
p101,1,r,1742674584.840166,1742674584.9168365
p101,1,space,1742674584.9288247,1742674585.0314558
p101,1,w,1742674585.1624105,1742674585.278823
p101,1,o,1742674585.2394276,1742674585.3166642
p101,1,r,1742674585.3378994,1742674585.418482
p101,1,e,1742674585.5480127,1742674585.671838
p101,1,space,1742674585.6837997,1742674585.748485
p101,1,o,1742674585.757419,1742674585.8698647
p101,1,f,1742674585.8303237,1742674585.8738477
p101,1,f,1742674585.942459,1742674586.020591
p101,1,",",1742674586.0235765,1742674586.1348984
p101,1,space,1742674586.0950892,1742674586.172901
p101,1,r,1742674586.204964,1742674586.3587112
p101,1,e,1742674586.4116333,1742674586.4875703
p101,1,d,1742674586.5683131,1742674586.6516812
p101,1,u,1742674586.660787,1742674586.7343159
p101,1,c,1742674586.758905,1742674586.8386781
p101,1,e,1742674586.89756,1742674586.97671
p101,1,s,1742674587.0223217,1742674587.1017935
p101,1,d,1742674587.1816504,1742674587.2899868
p101,1,space,1742674587.3015745,1742674587.3673248
p101,1,t,1742674587.3912535,1742674587.4682107
p101,1,o,1742674587.4702132,1742674587.5868762
p101,1,space,1742674587.5066097,1742674587.6240165
p101,1,s,1742674587.6355555,1742674587.7033186
p101,1,k,1742674587.711663,1742674587.8248117
p101,1,i,1742674587.8550193,1742674587.934135
p101,1,n,1742674587.9976802,1742674588.1135805
p101,1,space,1742674588.073498,1742674588.1520996
p101,1,a,1742674588.1159756,1742674588.1901448
p101,1,n,1742674588.203119,1742674588.2790139
p101,1,d,1742674588.2407556,1742674588.3209548
p101,1,space,1742674588.3448517,1742674588.4219444
p101,1,b,1742674588.5143607,1742674588.5905914
p101,1,o,1742674588.6109154,1742674588.725804
p101,1,n,1742674588.6898797,1742674588.7659717
p101,1,e,1742674588.774975,1742674588.8406932
p101,1,",",1742674588.8632438,1742674588.9781322
p101,1,space,1742674588.981129,1742674589.0561678
p101,1,i,1742674589.128763,1742674589.244612
p101,1,space,1742674589.2078245,1742674589.322852
p101,1,c,1742674589.3329897,1742674589.4012582
p101,1,a,1742674589.4149404,1742674589.5272064
p101,1,n,1742674589.491022,1742674589.565897
p101,1,t,1742674589.567165,1742674589.6441834
p101,1,space,1742674589.6481833,1742674589.7212825
p101,1,e,1742674589.7292807,1742674589.8076491
p101,1,v,1742674589.811805,1742674589.882593
p101,1,e,1742674589.891578,1742674589.962635
p101,1,n,1742674589.9747207,1742674590.0756207
p101,1,space,1742674590.0382786,1742674590.1165636
p101,1,t,1742674590.1298044,1742674590.19501
p101,1,e,1742674590.2092092,1742674590.3172522
p101,1,l,1742674590.278742,1742674590.3566566
p101,1,l,1742674590.3760235,1742674590.4560192
p101,1,",",1742674590.5166817,1742674590.6675608
p101,1,space,1742674590.630461,1742674590.7498684
p101,1,w,1742674591.3110833,1742674591.4282472
p101,1,h,1742674591.3895385,1742674591.505284
p101,1,o,1742674591.465939,1742674591.5809872
p101,1,space,1742674591.5479755,1742674591.6197262
p101,1,y,1742674591.6790922,1742674591.7584887
p101,1,o,1742674591.761583,1742674591.8741891
p101,1,u,1742674591.796085,1742674591.9116318
p101,1,space,1742674591.8801732,1742674591.989936
p101,1,w,1742674591.9136317,1742674592.0285056
p101,1,a,1742674591.9940798,1742674592.1064768
p101,1,n,1742674592.0664902,1742674592.147919
p101,1,t,1742674592.1670415,1742674592.249917
p101,1,space,1742674592.2578998,1742674592.325387
p101,1,t,1742674592.333546,1742674592.3630638
p101,1,o,1742674592.3630638,1742674592.4798088
p101,1,space,1742674592.4003527,1742674592.5166602
p101,1,k,1742674592.5486941,1742674592.658931
p101,1,n,1742674592.6188416,1742674592.697595
p101,1,o,1742674592.7404447,1742674592.814051
p101,1,w,1742674592.8484554,1742674592.9268184
p101,1,space,1742674593.0551453,1742674593.1313007
p101,1,i,1742674593.239672,1742674593.3169372
p101,1,m,1742674593.3618553,1742674593.4724534
p101,1,space,1742674593.442288,1742674593.5129848
p101,1,a,1742674593.5189748,1742674593.593039
p101,1,space,1742674593.6015375,1742674593.6679971
p101,1,g,1742674593.6771808,1742674593.750958
p101,1,o,1742674593.760854,1742674593.8622556
p101,1,d,1742674593.8699732,1742674593.8969882
p101,1,d,1742674593.9662838,1742674594.0427644
p101,1,e,1742674594.093674,1742674594.1684768
p101,1,s,1742674594.2308304,1742674594.3075354
p101,1,s,1742674594.3287642,1742674594.4441576
p101,1,space,1742674594.450085,1742674594.5195334
p101,1,o,1742674594.4805346,1742674594.6365423
p101,1,n,1742674594.6035357,1742674594.7512302
p101,1,space,1742674594.7122579,1742674594.7901304
p101,1,s,1742674594.797285,1742674594.9096615
p101,1,t,1742674594.9142196,1742674594.9858024
p101,1,a,1742674594.9911327,1742674595.0605662
p101,1,g,1742674595.0217304,1742674595.1397784
p101,1,e,1742674595.1442437,1742674595.2164283
p101,1,space,1742674595.222742,1742674595.2924333
p101,1,h,1742674595.62963,1742674595.7470677
p101,1,u,1742674595.7078948,1742674595.7863657
p101,1,m,1742674595.843208,1742674595.9621787
p101,1,a,1742674595.9176183,1742674595.9967654
p101,1,n,1742674596.0052004,1742674596.1112883
p101,1,space,1742674596.0728033,1742674596.1500044
p101,1,w,1742674596.159913,1742674596.3127978
p101,1,h,1742674596.2376924,1742674596.3156934
p101,1,e,1742674596.2736952,1742674596.352152
p101,1,n,1742674596.358159,1742674596.466885
p101,1,space,1742674596.4281127,1742674596.5068872
p101,1,w,1742674596.5137498,1742674596.6215656
p101,1,e,1742674596.5834684,1742674596.6605659
p101,1,r,1742674596.6955893,1742674596.8106143
p101,1,e,1742674596.8289702,1742674596.9034035
p101,1,space,1742674596.9233377,1742674596.99925
p101,1,a,1742674597.007397,1742674597.1147354
p101,1,l,1742674597.077778,1742674597.1541686
p101,1,i,1742674597.2184951,1742674597.2967315
p101,1,n,1742674597.25562,1742674597.3346763
p101,1,g,1742674597.343092,1742674597.4122317
p101,1,space,1742674597.6310408,1742674597.7543058
p101,1,a,1742674597.806508,1742674597.8822265
p101,1,n,1742674598.1498222,1742674598.2289438
p101,1,y,1742674598.2886,1742674598.3623564
p101,1,w,1742674598.3236787,1742674598.4016426
p101,1,a,1742674598.4318817,1742674598.5908928
p101,1,y,1742674598.5085032,1742674598.5989683
p101,1,",",1742674598.903581,1742674599.0904827
p101,1,space,1742674599.0112374,1742674599.1280606
p101,1,w,1742674599.1576672,1742674599.2749217
p101,1,h,1742674599.276919,1742674599.3109071
p101,1,a,1742674599.3137538,1742674599.4285731
p101,1,t,1742674599.4329193,1742674599.503745
p101,1,space,1742674599.465181,1742674599.5422413
p101,1,i,1742674599.5772526,1742674599.6538103
p101,1,s,1742674599.660951,1742674599.7364302
p101,1,space,1742674599.7483513,1742674599.8123298
p101,1,g,1742674599.8378866,1742674599.9174645
p101,1,o,1742674599.924454,1742674599.9923317
p101,1,i,1742674599.953968,1742674600.0352318
p101,1,n,1742674600.0739224,1742674600.1890895
p101,1,g,1742674600.1542175,1742674600.1920905
p101,1,space,1742674600.2060962,1742674600.323686
p101,1,t,1742674600.2847488,1742674600.3623662
p101,1,o,1742674600.3655186,1742674600.481046
p101,1,space,1742674600.4430878,1742674600.482443
p101,1,h,1742674600.5286021,1742674600.6124673
p101,1,a,1742674600.6271148,1742674600.6923444
p101,1,p,1742674600.7039855,1742674600.764844
p101,1,p,1742674600.7742739,1742674600.8849697
p101,1,e,1742674600.9695086,1742674601.088696
p101,1,n,1742674600.975501,1742674601.0940642
p101,1,space,1742674601.1441886,1742674601.2192216
p101,1,t,1742674601.2251046,1742674601.2992687
p101,1,o,1742674601.3061552,1742674601.4116478
p101,1,space,1742674601.3746438,1742674601.4136333
p101,1,m,1742674601.4499075,1742674601.5623202
p101,1,e,1742674601.5233135,1742674601.6024704
p101,1,space,1742674601.6153321,1742674601.6844754
p101,1,w,1742674601.6964307,1742674601.8137448
p101,1,h,1742674601.823531,1742674601.849468
p101,1,e,1742674601.9045167,1742674601.975474
p101,1,n,1742674601.9934554,1742674602.1013582
p101,1,space,1742674602.0644755,1742674602.141471
p101,1,i,1742674602.1554608,1742674602.3107746
p101,1,space,1742674602.2302952,1742674602.3166556
p101,1,l,1742674602.3906608,1742674602.4675722
p101,1,o,1742674602.518577,1742674602.5955627
p101,1,s,1742674602.5574636,1742674602.6345804
p101,1,e,1742674602.6705587,1742674602.7848728
p101,1,space,1742674602.786866,1742674602.862484
p101,1,a,1742674603.0074072,1742674603.1206656
p101,1,l,1742674603.1257129,1742674603.1586041
p101,1,l,1742674603.2037168,1742674603.3199341
p101,1,space,1742674603.2823837,1742674603.3987665
p101,1,m,1742674603.3608756,1742674603.4368799
p101,1,y,1742674603.4588556,1742674603.5354948
p101,1,space,1742674603.5424805,1742674603.6141126
p101,1,l,1742674603.6592379,1742674603.7769847
p101,1,i,1742674603.7393634,1742674603.8142047
p101,1,f,1742674603.7845125,1742674603.8921106
p101,1,e,1742674603.8552263,1742674603.9298463
p101,1,space,1742674603.9358592,1742674604.0081298
p101,1,a,1742674604.0221255,1742674604.1381757
p101,1,f,1742674604.1501393,1742674604.26446
p101,1,t,1742674604.2262383,1742674604.3038976
p101,1,e,1742674604.3118913,1742674604.3816566
p101,1,r,1742674604.3415785,1742674604.4183216
p101,1,space,1742674604.3855557,1742674604.4980767
p101,1,i,1742674604.5050454,1742674604.6114204
p101,1,space,1742674604.5734954,1742674604.650438
p101,1,c,1742674604.6154237,1742674604.6885347
p101,1,o,1742674604.6965313,1742674604.854593
p101,1,m,1742674604.7751763,1742674604.8902109
p101,1,e,1742674604.8664675,1742674604.929198
p101,1,space,1742674604.9717283,1742674605.0506423
p101,1,b,1742674605.1778302,1742674605.2556283
p101,1,a,1742674605.2801661,1742674605.3588743
p101,1,c,1742674605.4234066,1742674605.5003977
p101,1,k,1742674605.5069253,1742674605.616266
p101,1,e,1742674605.710626,1742674605.7866313
p101,1,space,1742674605.84576,1742674605.963767
p101,1,t,1742674606.0928545,1742674606.2109432
p101,1,o,1742674606.2149458,1742674606.3237712
p101,1,space,1742674606.2452776,1742674606.4014597
p101,1,m,1742674607.081981,1742674607.1626043
p101,1,y,1742674607.2419484,1742674607.355521
p101,1,space,1742674607.3183916,1742674607.3953977
p101,1,h,1742674607.4570253,1742674607.5717893
p101,1,o,1742674607.5768013,1742674607.6908588
p101,1,u,1742674607.648136,1742674607.7245061
p101,1,s,1742674607.6958444,1742674607.763444
p101,1,e,1742674607.8063972,1742674607.9174392
p101,1,space,1742674607.8785868,1742674607.9957037
p101,1,i,1742674607.9579692,1742674608.1117043
p101,1,n,1742674608.034576,1742674608.149934
p101,1,space,1742674608.1175885,1742674608.2285917
p101,1,c,1742674608.1519923,1742674608.2375937
p101,1,h,1742674608.2515888,1742674608.3703458
p101,1,o,1742674608.375345,1742674608.4857383
p101,1,u,1742674608.44621,1742674608.5226824
p101,1,f,1742674608.526692,1742674608.6028242
p101,1,",",1742674608.6148114,1742674608.7287645
p101,1,space,1742674608.690426,1742674608.806999
p101,1,i,1742674608.8497362,1742674608.9635482
p101,1,space,1742674608.935025,1742674609.0034642
p101,1,c,1742674608.928061,1742674609.0421083
p101,1,a,1742674609.0534148,1742674609.1657674
p101,1,n,1742674609.1276891,1742674609.2064059
p101,1,t,1742674609.2213957,1742674609.2913754
p101,1,space,1742674609.3001184,1742674609.3279607
p101,1,t,1742674609.3339422,1742674609.4118972
p101,1,a,1742674609.4626381,1742674609.5785706
p101,1,l,1742674609.500427,1742674609.6174347
p101,1,k,1742674609.5824618,1742674609.6563764
p101,1,space,1742674609.6187906,1742674609.6932843
p101,1,a,1742674609.709797,1742674609.8261173
p101,1,b,1742674609.7865849,1742674609.8322089
p101,1,o,1742674609.8893807,1742674610.0028648
p101,1,u,1742674609.962596,1742674610.0400076
p101,1,t,1742674610.0038848,1742674610.0806077
p101,1,space,1742674610.0830586,1742674610.1578157
p101,1,t,1742674610.1641119,1742674610.2349288
p101,1,h,1742674610.2359285,1742674610.3500016
p101,1,i,1742674610.3101301,1742674610.3877072
p101,1,s,1742674610.3510091,1742674610.4272616
p101,1,space,1742674610.4312477,1742674610.508464
p101,1,t,1742674610.470171,1742674610.5498457
p101,1,space,1742674610.6141734,1742674610.6871417
p101,1,t,1742674611.1425016,1742674611.2206259
p101,1,o,1742674611.2233243,1742674611.3362904
p101,1,space,1742674611.2964473,1742674611.3744159
p101,1,a,1742674611.4094336,1742674611.4882877
p101,1,n,1742674611.4932966,1742674611.5647373
p101,1,y,1742674611.613555,1742674611.6895087
p101,1,o,1742674611.7485635,1742674611.8629138
p101,1,n,1742674611.8234742,1742674611.9424355
p101,1,e,1742674611.9011872,1742674611.9824412
p101,1,space,1742674611.988849,1742674612.0955124
p101,1,b,1742674612.0574536,1742674612.1363912
p101,1,e,1742674612.1434553,1742674612.171893
p101,1,c,1742674612.242629,1742674612.3205242
p101,1,a,1742674612.3543303,1742674612.5071337
p101,1,u,1742674612.468048,1742674612.5450397
p101,1,s,1742674612.5085564,1742674612.6241744
p101,1,e,1742674612.6671739,1742674612.7820413
p101,1,space,1742674612.7441792,1742674612.8207686
p101,1,t,1742674612.825761,1742674612.9397314
p101,1,h,1742674612.901749,1742674612.978432
p101,1,e,1742674612.9417136,1742674613.0570414
p101,1,y,1742674613.059438,1742674613.1342525
p101,1,space,1742674613.1357532,1742674613.2090802
p101,1,c,1742674613.3687634,1742674613.4871676
p101,1,a,1742674613.5033176,1742674613.6189346
p101,1,l,1742674613.5401847,1742674613.6308389
p101,1,l,1742674613.6632977,1742674613.7784984
p101,1,space,1742674613.7382336,1742674613.854303
p101,1,m,1742674613.8155258,1742674613.8953521
p101,1,e,1742674613.9032626,1742674613.9692142
p101,1,space,1742674613.9732108,1742674614.0503087
p101,1,g,1742674614.0513074,1742674614.126938
p101,1,o,1742674614.142742,1742674614.2178288
p101,1,o,1742674614.254147,1742674614.3714323
p101,1,f,1742674614.4517477,1742674614.565817
p101,1,y,1742674614.5696802,1742674614.6824055
p101,1,space,1742674614.6877203,1742674614.7583833
p101,1,a,1742674614.8452387,1742674614.96198
p101,1,n,1742674614.9688425,1742674615.041034
p101,1,d,1742674614.9969282,1742674615.0770526
p101,1,space,1742674615.0930574,1742674615.1617153
p101,1,p,1742674615.181133,1742674615.3324404
p101,1,i,1742674615.2560537,1742674615.335692
p101,1,c,1742674615.3377047,1742674615.4129066
p101,1,k,1742674615.421148,1742674615.5297074
p101,1,space,1742674615.4898992,1742674615.5701594
p101,1,m,1742674615.6077619,1742674615.7254906
p101,1,e,1742674615.7319398,1742674615.8031294
p101,1,",",1742674615.811116,1742674615.9143608
p101,1,space,1742674615.8777213,1742674615.9558172
p101,1,l,1742674616.140626,1742674616.2546456
p101,1,m,1742674616.2146423,1742674616.294081
p101,1,a,1742674616.347845,1742674616.4603374
p101,1,o,1742674616.4234061,1742674616.575834
p101,1,space,1742674616.5361695,1742674616.6534631
p101,1,a,1742674616.68068,1742674616.7948916
p101,1,n,1742674616.761529,1742674616.7968893
p101,1,y,1742674616.9056683,1742674616.939509
p101,1,w,1742674616.94534,1742674617.0575755
p101,1,a,1742674617.019045,1742674617.1366103
p101,1,y,1742674617.062184,1742674617.1729116
p101,1,space,1742674617.181965,1742674617.2508533
p101,1,i,1742674617.2908447,1742674617.4473958
p101,1,space,1742674617.3699958,1742674617.4535866
p101,1,w,1742674617.4610684,1742674617.5241346
p101,1,n,1742674617.6027353,1742674617.6403303
p101,1,a,1742674617.5261555,1742674617.6791503
p101,1,n,1742674617.6942651,1742674617.8101757
p101,1,a,1742674617.7699895,1742674617.8501818
p101,1,space,1742674617.8721745,1742674617.948849
p101,1,t,1742674617.9558022,1742674618.070212
p101,1,e,1742674618.0741806,1742674618.141942
p101,1,l,1742674618.10197,1742674618.1805139
p101,1,l,1742674618.194492,1742674618.3079598
p101,1,space,1742674618.2701845,1742674618.385216
p101,1,y,1742674618.3473322,1742674618.4251642
p101,1,o,1742674618.4331052,1742674618.5786583
p101,1,space,1742674618.5796247,1742674618.616633
p101,1,u,1742674618.5016496,1742674618.623083
p101,1,t,1742674618.6487198,1742674618.7239232
p101,1,h,1742674618.7452054,1742674618.824467
p101,1,a,1742674618.827455,1742674618.9005988
p101,1,t,1742674618.9341722,1742674619.0458255
p101,1,space,1742674619.0073073,1742674619.046826
p101,1,space,1742674619.0766742,1742674619.113447
p101,1,i,1742674619.1741893,1742674619.2894566
p101,1,space,1742674619.2933428,1742674619.3669152
p101,1,h,1742674619.4792395,1742674619.597337
p101,1,a,1742674619.6244535,1742674619.7410867
p101,1,v,1742674619.7017484,1742674619.78012
p101,1,e,1742674619.8072,1742674619.8824916
p101,1,space,1742674619.8899987,1742674619.99622
p101,1,b,1742674619.9602098,1742674620.0740242
p101,1,e,1742674620.077023,1742674620.1507156
p101,1,e,1742674620.1824834,1742674620.2586865
p101,1,n,1742674620.2596855,1742674620.3736827
p101,1,space,1742674620.334471,1742674620.4116888
p101,1,s,1742674620.4336898,1742674620.5105438
p101,1,o,1742674620.5115986,1742674620.6274142
p101,1,space,1742674620.548336,1742674620.665087
p101,1,m,1742674620.6670966,1742674620.7821093
p101,1,a,1742674620.742105,1742674620.8201098
p101,1,d,1742674620.8271322,1742674620.8967144
p101,1,space,1742674620.9094255,1742674620.986079
p101,1,r,1742674621.115836,1742674621.1919868
p101,1,e,1742674621.2573383,1742674621.334109
p101,1,c,1742674621.340975,1742674621.3813987
p101,1,e,1742674621.4229903,1742674621.5017204
p101,1,n,1742674621.5043988,1742674621.5781074
p101,1,t,1742674621.6041617,1742674621.68133
p101,1,l,1742674621.6823313,1742674621.7603333
p101,1,y,1742674621.7630043,1742674621.8370764
p101,1,space,1742674621.8496077,1742674621.9639306
p101,1,a,1742674622.0026605,1742674622.0758474
p101,1,t,1742674622.1418552,1742674622.2178588
p101,1,space,1742674622.2290468,1742674622.308608
p101,1,m,1742674622.2686017,1742674622.3852527
p101,1,y,1742674622.3456142,1742674622.424199
p101,1,space,1742674622.4362,1742674622.5129004
p101,1,e,1742674622.6458254,1742674622.723813
p101,1,x,1742674622.8033483,1742674622.922874
p101,1,space,1742674622.926852,1742674622.9986312
p101,1,b,1742674623.1058195,1742674623.179748
p101,1,s,1742674623.1907332,1742674623.269845
p101,1,f,1742674623.3645551,1742674623.4799104
p101,1,space,1742674623.4866412,1742674623.6033325
p101,1,w,1742674623.620512,1742674623.735023
p101,1,h,1742674623.7370212,1742674623.8902562
p101,1,o,1742674623.7733543,1742674623.9301522
p101,1,space,1742674623.932154,1742674624.0446112
p101,1,i,1742674624.111604,1742674624.2266185
p101,1,s,1742674624.2364707,1742674624.315811
p101,1,space,1742674624.3199046,1742674624.3521872
p101,1,a,1742674624.442135,1742674624.5556526
p101,1,space,1742674624.5581195,1742674624.5917022
p101,1,f,1742674624.6807196,1742674624.7577205
p101,1,a,1742674624.833691,1742674624.9107537
p101,1,g,1742674624.9905581,1742674625.1031458
p101,1,",",1742674625.1140187,1742674625.2707481
p101,1,space,1742674625.232383,1742674625.3097725
p101,1,a,1742674625.3571851,1742674625.4722996
p101,1,n,1742674625.435797,1742674625.5119088
p101,1,y,1742674625.557255,1742674625.63232
p101,1,w,1742674625.6358764,1742674625.7094285
p101,1,a,1742674625.71672,1742674625.826236
p101,1,y,1742674625.7481174,1742674625.864458
p101,1,space,1742674625.8703215,1742674625.9390194
p101,1,",",1742674625.9989812,1742674626.1499686
p101,1,space,1742674626.110871,1742674626.226517
p101,1,l,1742674626.293893,1742674626.406557
p101,1,e,1742674626.3720136,1742674626.4847438
p101,1,t,1742674626.4455512,1742674626.524736
p101,1,s,1742674626.5909135,1742674626.710495
p101,1,space,1742674626.7194724,1742674626.7853785
p101,1,t,1742674626.8155656,1742674626.8923678
p101,1,a,1742674626.9637775,1742674627.041592
p101,1,l,1742674627.002927,1742674627.118779
p101,1,k,1742674627.0811176,1742674627.234124
p101,1,space,1742674627.1582134,1742674627.2732189
p101,1,r,1742674627.4070446,1742674627.4844694
p101,1,i,1742674627.499014,1742674627.5798995
p101,1,g,1742674627.582859,1742674627.6562774
p101,1,h,1742674627.6652453,1742674627.7328913
p101,1,t,1742674627.7388923,1742674627.810928
p101,1,space,1742674627.8295965,1742674627.88669
p101,1,n,1742674627.894549,1742674628.0025895
p101,1,w,1742674628.0076134,1742674628.080173
p101,1,o,1742674627.964915,1742674628.08848
p101,1,space,1742674628.0929654,1742674628.16545
p101,1,t,1742674628.1704273,1742674628.2432952
p101,1,h,1742674628.247781,1742674628.3217237
p101,1,a,1742674628.3247213,1742674628.396996
p101,1,t,1742674628.4060602,1742674628.473491
p101,1,space,1742674628.4341257,1742674628.5109098
p101,1,i,1742674628.542438,1742674628.657527
p101,1,space,1742674628.618827,1742674628.695975
p101,1,h,1742674628.7669911,1742674628.8444495
p101,1,a,1742674628.867046,1742674628.9832082
p101,1,v,1742674628.943597,1742674629.0212
p101,1,space,1742674629.0910807,1742674629.2074187
p101,1,b,1742674629.2173173,1742674629.2839596
p101,1,e,1742674629.289383,1742674629.3663661
p101,1,e,1742674629.4133608,1742674629.490185
p101,1,n,1742674629.4956439,1742674629.6043456
p101,1,space,1742674629.5672681,1742674629.6841629
p101,1,t,1742674629.6916695,1742674629.808635
p101,1,y,1742674629.8416476,1742674629.9579558
p101,1,p,1742674629.9979243,1742674630.1501732
p101,1,i,1742674630.0717437,1742674630.1516228
p101,1,n,1742674630.2147405,1742674630.3308032
p101,1,g,1742674630.3409326,1742674630.40617
p101,1,space,1742674630.40817,1742674630.4443808
p101,1,t,1742674630.4473236,1742674630.5612998
p101,1,h,1742674630.5223672,1742674630.6012254
p101,1,e,1742674630.6041708,1742674630.6811607
p101,1,space,1742674630.6864908,1742674630.7149088
p101,1,q,1742674630.7673664,1742674630.8830056
p101,1,u,1742674630.849866,1742674630.959536
p101,1,i,1742674630.92315,1742674631.0009892
p101,1,c,1742674631.0096023,1742674631.114063
p101,1,k,1742674631.077166,1742674631.154193
p101,1,space,1742674631.1601133,1742674631.1904693
p101,1,b,1742674631.2146208,1742674631.296544
p101,1,r,1742674631.333398,1742674631.4110644
p101,1,o,1742674631.4189482,1742674631.4887595
p101,1,w,1742674631.4957533,1742674631.607202
p101,1,n,1742674631.5649395,1742674631.6421034
p101,1,space,1742674631.6470935,1742674631.7185113
p101,1,f,1742674631.678386,1742674631.7594118
p101,1,o,1742674631.7772195,1742674631.8909457
p101,1,x,1742674631.8540146,1742674631.9699764
p101,1,space,1742674631.9787633,1742674632.0450945
p101,1,j,1742674632.0526962,1742674632.082749
p101,1,u,1742674632.1570058,1742674632.2731934
p101,1,m,1742674632.3172915,1742674632.4306347
p101,1,p,1742674632.3926797,1742674632.507172
p101,1,s,1742674632.4736695,1742674632.5845354
p101,1,space,1742674632.545131,1742674632.661405
p101,1,o,1742674632.624528,1742674632.7400117
p101,1,v,1742674632.7766197,1742674632.8579464
p101,1,e,1742674632.7480521,1742674632.8922052
p101,1,r,1742674632.8672993,1742674632.933651
p101,1,space,1742674632.943146,1742674633.0516338
p101,1,h,1742674633.054099,1742674633.1313896
p101,1,t,1742674633.0150228,1742674633.1373556
p101,1,e,1742674633.1415296,1742674633.2060585
p101,1,space,1742674633.210261,1742674633.2855957
p101,1,l,1742674633.2925751,1742674633.3994074
p101,1,a,1742674633.3206446,1742674633.401303
p101,1,s,1742674633.490379,1742674633.5654008
p101,1,y,1742674633.574397,1742674633.7280393
p101,1,space,1742674633.6913726,1742674633.807154
p101,1,d,1742674633.8239613,1742674633.9013655
p101,1,o,1742674633.910246,1742674633.9780161
p101,1,g,1742674633.9889383,1742674634.068763
p101,1,space,1742674634.0707364,1742674634.1054807
p101,1,t,1742674634.1377065,1742674634.2524166
p101,1,h,1742674634.2131474,1742674634.292665
p101,1,e,1742674634.2996619,1742674634.406185
p101,1,space,1742674634.3677032,1742674634.4855804
p101,1,q,1742674634.4950147,1742674634.5602937
p101,1,u,1742674634.5203955,1742674634.6393135
p101,1,i,1742674634.6483092,1742674634.7142875
p101,1,c,1742674634.71729,1742674634.794897
p101,1,k,1742674634.8070724,1742674634.9076478
p101,1,space,1742674634.8688767,1742674634.9860814
p101,1,b,1742674634.9974973,1742674635.0629387
p101,1,r,1742674635.0725417,1742674635.1412208
p101,1,o,1742674635.1477916,1742674635.1767137
p101,1,w,1742674635.1798537,1742674635.293185
p101,1,n,1742674635.2569091,1742674635.3351624
p101,1,space,1742674635.3457968,1742674635.4093962
p101,1,f,1742674635.3684776,1742674635.4489503
p101,1,o,1742674635.4549446,1742674635.5247772
p101,1,x,1742674635.5275996,1742674635.639997
p101,1,space,1742674635.6008694,1742674635.6799202
p101,1,j,1742674635.6829927,1742674635.7564878
p101,1,u,1742674635.8133428,1742674635.8886862
p101,1,m,1742674635.9826703,1742674636.0971437
p101,1,p,1742674636.0602102,1742674636.171511
p101,1,s,1742674636.1351478,1742674636.2487957
p101,1,space,1742674636.2102582,1742674636.3270066
p101,1,o,1742674636.2873,1742674636.364576
p101,1,b,1742674636.4066732,1742674636.4464018
p101,1,e,1742674636.3715692,1742674636.523746
p101,1,t,1742674636.5272355,1742674636.600014
p101,1,space,1742674636.6011233,1742674636.6772256
p101,1,e,1742674636.6837196,1742674636.719713
p101,1,t,1742674636.6907113,1742674636.7995021
p101,1,space,1742674636.8496203,1742674637.003554
p101,1,l,1742674637.2666965,1742674637.341627
p101,1,a,1742674637.3526278,1742674637.4337633
p101,1,z,1742674637.5087476,1742674637.6253078
p101,1,y,1742674637.586222,1742674637.7011425
p101,1,space,1742674637.6632087,1742674637.741317
p101,1,d,1742674637.7524626,1742674637.8181374
p101,1,o,1742674637.8241205,1742674637.896658
p101,1,g,1742674637.9005513,1742674637.9726627
p101,1,space,1742674637.9739351,1742674638.0498397
p101,1,t,1742674638.0638592,1742674638.1415963
p101,1,h,1742674638.1483085,1742674638.2165217
p101,1,e,1742674638.221153,1742674638.2936869
p101,1,space,1742674638.2994509,1742674638.3697298
p101,1,q,1742674638.3717275,1742674638.4854116
p101,1,u,1742674638.447307,1742674638.5627465
p101,1,i,1742674638.5273547,1742674638.6016724
p101,1,c,1742674638.6041853,1742674638.6786537
p101,1,k,1742674638.6806524,1742674638.7574692
p101,1,b,1742674638.8232121,1742674638.9403715
p101,1,r,1742674638.94279,1742674639.016923
p101,1,o,1742674638.9787397,1742674639.057379
p101,1,w,1742674639.062846,1742674639.1721692
p101,1,n,1742674639.1341841,1742674639.249587
p101,1,space,1742674639.2122204,1742674639.287502
p101,1,f,1742674639.2525802,1742674639.3274746
p101,1,o,1742674639.3306751,1742674639.4448156
p101,1,x,1742674639.4034235,1742674639.5178616
p101,1,space,1742674639.480295,1742674639.5949323
p101,1,j,1742674639.556201,1742674639.672933
p101,1,u,1742674639.7049713,1742674639.780528
p101,1,m,1742674639.856374,1742674639.9702523
p101,1,p,1742674639.9302006,1742674640.0465431
p101,1,s,1742674640.008216,1742674640.1233935
p101,1,space,1742674640.0852501,1742674640.2003891
p101,1,o,1742674640.1640182,1742674640.2405171
p101,1,e,1742674640.2493896,1742674640.3991113
p101,1,v,1742674640.2823873,1742674640.4051018
p101,1,r,1742674640.4111059,1742674640.4362829
p101,1,space,1742674640.4599323,1742674640.5735402
p101,1,t,1742674640.4963043,1742674640.6500711
p101,1,h,1742674640.5745492,1742674640.6917386
p101,1,e,1742674640.6122077,1742674640.768185
p101,1,space,1742674640.772172,1742674640.80421
p101,1,l,1742674640.8069062,1742674640.9269006
p101,1,a,1742674640.8831396,1742674640.9613738
p101,1,z,1742674641.0139935,1742674641.1282022
p101,1,y,1742674641.1371822,1742674641.2428474
p101,1,space,1742674641.2083538,1742674641.2819738
p101,1,d,1742674641.243834,1742674641.3218508
p101,1,o,1742674641.338237,1742674641.4519951
p101,1,g,1742674641.4150348,1742674641.492932
p101,1,space,1742674641.5019336,1742674641.5316482
p101,1,t,1742674641.5736043,1742674641.6899192
p101,1,h,1742674641.6112652,1742674641.7007692
p101,1,e,1742674641.7093718,1742674641.8037527
p101,1,space,1742674641.7654903,1742674641.842907
p101,1,q,1742674641.861449,1742674641.9766123
p101,1,u,1742674641.9369955,1742674642.015018
p101,1,i,1742674641.9796996,1742674642.0918703
p101,1,c,1742674642.055008,1742674642.169709
p101,1,k,1742674642.1752598,1742674642.2457824
p101,1,space,1742674642.205526,1742674642.324446
p101,1,b,1742674642.3334334,1742674642.4014988
p101,1,r,1742674642.4085264,1742674642.4798243
p101,1,o,1742674642.485821,1742674642.5537632
p101,1,w,1742674642.515546,1742674642.6316166
p101,1,n,1742674642.5937622,1742674642.7081306
p101,1,space,1742674642.6696274,1742674642.7480187
p101,1,f,1742674642.7110324,1742674642.7862265
p101,1,o,1742674642.792005,1742674642.8660173
p101,1,x,1742674642.8738828,1742674642.9833498
p101,1,j,1742674643.00601,1742674643.0829353
p101,1,u,1742674643.1614926,1742674643.275946
p101,1,m,1742674643.3192081,1742674643.4361033
p101,1,p,1742674643.3958871,1742674643.51189
p101,1,s,1742674643.5175114,1742674643.588417
p101,1,space,1742674643.5923228,1742674643.6644068
p101,1,o,1742674643.6257422,1742674643.7438157
p101,1,e,1742674643.75376,1742674643.8994253
p101,1,v,1742674643.7797434,1742674643.9093912
p101,1,r,1742674643.9163976,1742674643.9744494
p101,1,space,1742674643.9844801,1742674644.049692
p101,1,t,1742674644.0109625,1742674644.1671872
p101,1,h,1742674644.0899656,1742674644.2049098
p101,1,e,1742674644.1709912,1742674644.2822778
p101,1,l,1742674644.287272,1742674644.4017658
p101,1,a,1742674644.3640296,1742674644.4839213
p101,1,z,1742674644.5032275,1742674644.6224387
p101,1,d,1742674644.6274922,1742674644.6991427
p101,1,y,1742674644.6311214,1742674644.7385297
p101,1,space,1742674644.7062225,1742674644.7746108
p101,1,g,1742674644.838639,1742674644.9542167
p101,1,o,1742674644.8732078,1742674644.988208
p101,1,space,1742674644.9602091,1742674645.02952
p101,1,t,1742674645.0445127,1742674645.1042016
p101,1,h,1742674645.1097913,1742674645.1836905
p101,1,e,1742674645.143339,1742674645.2619524
p101,1,space,1742674645.2684712,1742674645.3454843
p101,1,u,1742674645.3875399,1742674645.499459
p101,1,i,1742674645.4622774,1742674645.5385954
p101,1,c,1742674645.5439055,1742674645.6564608
p101,1,k,1742674645.6674364,1742674645.807492
p101,1,space,1742674645.7694583,1742674645.8463
p101,1,b,1742674646.3203113,1742674646.3968952
p101,1,r,1742674646.4051704,1742674646.4738514
p101,1,e,1742674646.5098665,1742674646.6291502
p101,1,a,1742674646.6334095,1742674646.7437885
p101,1,k,1742674646.7570379,1742674646.8568738
p101,1,space,1742674646.8203318,1742674646.8976283
p101,1,t,1742674646.9152453,1742674646.9974184
p101,1,i,1742674647.009201,1742674647.08754
p101,1,m,1742674647.1463022,1742674647.2639296
p101,1,e,1742674647.2709746,1742674647.299114
p101,1,!,1742674647.38111,1742674647.498042
p101,1,!,1742674647.5377812,1742674647.6143165
p101,1,!,1742674647.6512008,1742674647.7289221
p101,1,!,1742674647.8037732,1742674647.8441374
p101,1,!,1742674647.92235,1742674648.0371485
p101,1,shift_r,1742674647.3041074,1742674648.0750237
p101,1,caps_lock,1742674656.3974779,1742674656.5115278
p101,1,m,1742674656.5674431,1742674656.6484046
p101,1,y,1742674656.683349,1742674656.7618396
p101,1,space,1742674656.7768488,1742674656.8931878
p101,1,h,1742674656.8982096,1742674656.9706526
p101,1,a,1742674656.930124,1742674657.0483387
p101,1,n,1742674657.0534134,1742674657.1274211
p101,1,d,1742674657.1304085,1742674657.2784529
p101,1,s,1742674657.2402368,1742674657.3588881
p101,1,space,1742674657.3664663,1742674657.4747345
p101,1,h,1742674657.503815,1742674657.6187859
p101,1,r,1742674657.620799,1742674657.6950376
p101,1,u,1742674657.5855017,1742674657.7040143
p101,1,t,1742674657.7426903,1742674657.8593287
p101,1,space,1742674657.8756611,1742674657.9349673
p101,1,b,1742674658.0151532,1742674658.091973
p101,1,u,1742674658.1443915,1742674658.2586818
p101,1,t,1742674658.2645552,1742674658.2945359
p101,1,space,1742674658.3010752,1742674658.4200838
p101,1,i,1742674658.4359226,1742674658.4952855
p101,1,space,1742674658.4560235,1742674658.5750372
p101,1,n,1742674658.5846882,1742674658.6496065
p101,1,e,1742674658.6108427,1742674658.6898866
p101,1,e,1742674658.7433002,1742674658.8196838
p101,1,d,1742674658.855659,1742674659.0119362
p101,1,space,1742674659.0133991,1742674659.0892797
p101,1,t,1742674659.0957305,1742674659.1668608
p101,1,o,1742674659.1688545,1742674659.3190026
p101,1,space,1742674659.2429643,1742674659.3580854
p101,1,k,1742674659.5241675,1742674659.640608
p101,1,e,1742674659.6035013,1742674659.6819074
p101,1,e,1742674659.724115,1742674659.8394752
p101,1,p,1742674659.847537,1742674659.9926283
p101,1,space,1742674659.9163663,1742674660.0320594
p101,1,g,1742674660.045003,1742674660.1201289
p101,1,o,1742674660.1264725,1742674660.197515
p101,1,i,1742674660.153835,1742674660.2342775
p101,1,n,1742674660.298848,1742674660.4121594
p101,1,g,1742674660.3747637,1742674660.41705
p101,1,space,1742674660.425667,1742674660.5415733
p101,1,b,1742674660.5465248,1742674660.579431
p101,1,e,1742674660.5835073,1742674660.6571498
p101,1,c,1742674660.707753,1742674660.8251598
p101,1,a,1742674660.8303607,1742674660.9821494
p101,1,u,1742674660.9034467,1742674661.016356
p101,1,s,1742674660.9950469,1742674661.0563602
p101,1,e,1742674661.0954986,1742674661.169957
p101,1,space,1742674661.1313813,1742674661.2486129
p101,1,i,1742674661.2086732,1742674661.3248665
p101,1,space,1742674661.2868,1742674661.4051812
p101,1,n,1742674661.4218025,1742674661.4405632
p101,1,e,1742674661.4174979,1742674661.4798086
p101,1,e,1742674661.501578,1742674661.619368
p101,1,d,1742674661.6439557,1742674661.7677011
p101,1,space,1742674661.774843,1742674661.8375351
p101,1,t,1742674661.8433495,1742674661.9166262
p101,1,o,1742674661.928353,1742674662.029379
p101,1,space,1742674661.9506006,1742674662.0670078
p101,1,t,1742674662.1684577,1742674662.2834651
p101,1,a,1742674662.355968,1742674662.4696863
p101,1,k,1742674662.4346056,1742674662.5098925
p101,1,e,1742674662.5149708,1742674662.5917368
p101,1,space,1742674662.5976045,1742674662.6726527
p101,1,a,1742674662.6769114,1742674662.7502806
p101,1,space,1742674662.7582493,1742674662.8255997
p101,1,b,1742674662.8313386,1742674662.9050357
p101,1,r,1742674662.9115012,1742674662.9821641
p101,1,e,1742674662.9961793,1742674663.1176856
p101,1,k,1742674663.126014,1742674663.2687004
p101,1,space,1742674663.1948342,1742674663.3077178
p101,1,a,1742674663.1992161,1742674663.3167117
p101,1,s,1742674663.3587456,1742674663.4762433
p101,1,o,1742674663.4828532,1742674663.5108695
p101,1,o,1742674663.556353,1742674663.6704438
p101,1,n,1742674663.6333282,1742674663.7487643
p101,1,space,1742674663.7593355,1742674663.7853606
p101,1,a,1742674663.78736,1742674663.8636575
p101,1,n,1742674663.8676527,1742674663.940832
p101,1,d,1742674663.9431984,1742674664.0188742
p101,1,space,1742674663.9790869,1742674664.0567782
p101,1,w,1742674664.059957,1742674664.1736398
p101,1,e,1742674664.1339667,1742674664.2099752
p101,1,i,1742674664.2570121,1742674664.325683
p101,1,r,1742674664.2868845,1742674664.36622
p101,1,t,1742674664.4244928,1742674664.537249
p101,1,e,1742674664.5387452,1742674664.6145573
p101,1,space,1742674664.6465597,1742674664.760839
p101,1,t,1742674664.8108435,1742674664.88947
p101,1,h,1742674664.8914707,1742674664.9673717
p101,1,i,1742674664.9703681,1742674665.0809543
p101,1,g,1742674665.082954,1742674665.1571455
p101,1,n,1742674665.0449717,1742674665.1591458
p101,1,s,1742674665.19056,1742674665.3080707
p101,1,space,1742674665.271206,1742674665.385104
p101,1,o,1742674665.3471868,1742674665.463815
p101,1,n,1742674665.3870904,1742674665.5395002
p101,1,space,1742674665.5016248,1742674665.5774877
p101,1,m,1742674665.5976212,1742674665.7113276
p101,1,a,1742674665.671361,1742674665.78937
p101,1,r,1742674665.7943227,1742674665.8648086
p101,1,v,1742674665.899356,1742674665.9789197
p101,1,e,1742674665.9848895,1742674666.0541527
p101,1,l,1742674666.0652227,1742674666.1781569
p101,1,space,1742674666.141351,1742674666.2170665
p101,1,r,1742674666.2225924,1742674666.3023746
p101,1,i,1742674666.3104045,1742674666.387965
p101,1,v,1742674666.4959648,1742674666.5746741
p101,1,a,1742674666.583651,1742674666.6880314
p101,1,k,1742674666.651598,1742674666.764821
p101,1,s,1742674666.7662067,1742674666.8435357
p101,1,space,1742674666.8508072,1742674666.9203782
p101,1,i,1742674666.9313092,1742674667.0749223
p101,1,n,1742674666.9984908,1742674667.1120076
p101,1,s,1742674667.0789394,1742674667.189456
p101,1,t,1742674667.1975396,1742674667.2721581
p101,1,e,1742674667.279654,1742674667.3512995
p101,1,a,1742674667.3598294,1742674667.503246
p101,1,d,1742674667.426794,1742674667.5431535
p101,1,",",1742674667.5492408,1742674667.6575403
p101,1,space,1742674667.618766,1742674667.7347958
p101,1,i,1742674667.7477906,1742674667.8535068
p101,1,space,1742674667.8167138,1742674667.9315908
p101,1,w,1742674667.8554194,1742674667.9716325
p101,1,a,1742674667.9862797,1742674668.0917923
p101,1,n,1742674668.0133007,1742674668.0987785
p101,1,n,1742674668.114368,1742674668.230727
p101,1,a,1742674668.1970875,1742674668.3115015
p101,1,space,1742674668.232004,1742674668.3467972
p101,1,p,1742674668.3528216,1742674668.4624379
p101,1,l,1742674668.4266076,1742674668.5027628
p101,1,a,1742674668.5107434,1742674668.5791981
p101,1,y,1742674668.6007512,1742674668.7164671
p101,1,space,1742674668.6766171,1742674668.7926393
p101,1,m,1742674668.818896,1742674668.9383266
p101,1,y,1742674668.9443116,1742674669.0261521
p101,1,space,1742674669.035848,1742674669.1016
p101,1,f,1742674669.1758115,1742674669.251576
p101,1,a,1742674669.2128081,1742674669.292035
p101,1,v,1742674669.3134146,1742674669.3944108
p101,1,o,1742674669.475095,1742674669.59457
p101,1,r,1742674669.6114855,1742674669.729517
p101,1,i,1742674669.741003,1742674669.8088787
p101,1,t,1742674669.8168705,1742674669.920132
p101,1,e,1742674669.881537,1742674670.038917
p101,1,space,1742674670.0489204,1742674670.118906
p101,1,c,1742674670.154779,1742674670.2268152
p101,1,h,1742674670.234181,1742674670.3050241
p101,1,a,1742674670.3076577,1742674670.380544
p101,1,r,1742674670.3876286,1742674670.4678028
p101,1,a,1742674670.473929,1742674670.5426252
p101,1,c,1742674670.5436277,1742674670.6188028
p101,1,t,1742674670.5800865,1742674670.7021217
p101,1,e,1742674670.7102973,1742674670.7723038
p101,1,r,1742674670.7330222,1742674670.8131676
p101,1,space,1742674670.8223424,1742674670.890421
p101,1,s,1742674670.898465,1742674670.9655998
p101,1,g,1742674670.9799037,1742674671.1020794
p101,1,o,1742674671.116078,1742674671.1319416
p101,1,i,1742674671.1259487,1742674671.1719398
p101,1,w,1742674671.2625203,1742674671.3770773
p101,1,space,1742674671.3389251,1742674671.417557
p101,1,a,1742674671.4775517,1742674671.554535
p101,1,r,1742674671.611957,1742674671.694817
p101,1,e,1742674671.745299,1742674671.8584294
p101,1,space,1742674671.8625984,1742674671.936751
p101,1,s,1742674671.9486296,1742674672.0274794
p101,1,t,1742674672.1157,1742674672.193116
p101,1,o,1742674672.200057,1742674672.2290735
p101,1,r,1742674672.270068,1742674672.3846214
p101,1,m,1742674672.3472965,1742674672.3912191
p101,1,space,1742674672.5723689,1742674672.7279246
p101,1,s,1742674672.8001032,1742674672.9155536
p101,1,o,1742674672.9245691,1742674673.0267596
p101,1,space,1742674672.9885244,1742674673.0287604
p101,1,h,1742674673.1087363,1742674673.2209704
p101,1,e,1742674673.22695,1742674673.3384252
p101,1,y,1742674673.3404293,1742674673.4556959
p101,1,space,1742674673.4185617,1742674673.5343761
p101,1,l,1742674673.5501802,1742674673.6630864
p101,1,y,1742674673.6715431,1742674673.7420225
p101,1,n,1742674673.8327348,1742674673.9112592
p101,1,n,1742674673.9573321,1742674674.0696063
p101,1,space,1742674674.0306618,1742674674.1481013
p101,1,h,1742674674.1540818,1742674674.2609901
p101,1,o,1742674674.2232785,1742674674.339683
p101,1,w,1742674674.2996662,1742674674.3783803
p101,1,space,1742674674.4030747,1742674674.5141222
p101,1,a,1742674674.4777453,1742674674.516124
p101,1,r,1742674674.581377,1742674674.6572168
p101,1,e,1742674674.6946437,1742674674.8109407
p101,1,space,1742674674.8186154,1742674674.8834493
p101,1,y,1742674674.887965,1742674674.9614305
p101,1,o,1742674674.9684281,1742674675.0758002
p101,1,u,1742674675.0387297,1742674675.1146095
p101,1,space,1742674675.0778012,1742674675.1545944
p101,1,l,1742674675.1875648,1742674675.3028657
p101,1,e,1742674675.2637198,1742674675.3421044
p101,1,t,1742674675.3435204,1742674675.4192424
p101,1,space,1742674675.3791168,1742674675.4654381
p101,1,m,1742674675.4769695,1742674675.5347443
p101,1,e,1742674675.536751,1742674675.649853
p101,1,space,1742674675.6112187,1742674675.7272406
p101,1,e,1742674675.731227,1742674675.806494
p101,1,x,1742674675.8756762,1742674675.9553173
p101,1,p,1742674675.9565318,1742674676.0702577
p101,1,l,1742674676.0322661,1742674676.1082532
p101,1,a,1742674676.113253,1742674676.190149
p101,1,i,1742674676.2272866,1742674676.383258
p101,1,n,1742674676.3442693,1742674676.4984162
p101,1,space,1742674676.4602444,1742674676.5372918
p101,1,t,1742674676.4998481,1742674676.5773764
p101,1,o,1742674676.5803785,1742674676.6963892
p101,1,space,1742674676.6594205,1742674676.7333848
p101,1,y,1742674676.7584383,1742674676.8342328
p101,1,o,1742674676.8368714,1742674676.94884
p101,1,u,1742674676.9099474,1742674677.0261266
p101,1,space,1742674676.9867446,1742674677.0652218
p101,1,t,1742674677.0711303,1742674677.1451423
p101,1,o,1742674677.149155,1742674677.2571452
p101,1,space,1742674677.1795487,1742674677.2581506
p101,1,p,1742674677.3780527,1742674677.5315616
p101,1,l,1742674677.4544919,1742674677.5731132
p101,1,a,1742674677.5325782,1742674677.6509778
p101,1,y,1742674677.6573582,1742674677.7636404
p101,1,space,1742674677.7251759,1742674677.8036606
p101,1,w,1742674677.8116543,1742674677.8823035
p101,1,a,1742674677.892558,1742674677.9950175
p101,1,n,1742674677.9554577,1742674678.032686
p101,1,d,1742674677.997017,1742674678.1124885
p101,1,a,1742674678.1176422,1742674678.2264383
p101,1,space,1742674678.1485097,1742674678.2275412
p101,1,i,1742674678.187067,1742674678.3042145
p101,1,n,1742674678.2656689,1742674678.3811464
p101,1,space,1742674678.383089,1742674678.4584875
p101,1,m,1742674678.4896286,1742674678.5658565
p101,1,a,1742674678.5255206,1742674678.6040635
p101,1,r,1742674678.6426318,1742674678.7187066
p101,1,v,1742674678.735848,1742674678.8153758
p101,1,e,1742674678.8173993,1742674678.9299333
p101,1,l,1742674678.9318674,1742674679.0456614
p101,1,space,1742674678.9674351,1742674679.0856595
p101,1,r,1742674679.0996208,1742674679.1782663
p101,1,i,1742674679.1792629,1742674679.2550774
p101,1,v,1742674679.2628522,1742674679.3433285
p101,1,a,1742674679.3564336,1742674679.4735253
p101,1,k,1742674679.4353387,1742674679.5123553
p101,1,s,1742674679.514858,1742674679.6287675
p101,1,",",1742674679.632658,1742674679.7826288
p101,1,space,1742674679.74453,1742674679.8215928
p101,1,r,1742674679.8844302,1742674679.9616814
p101,1,i,1742674680.001398,1742674680.1547763
p101,1,f,1742674680.288173,1742674680.3653212
p101,1,i,1742674680.3653212,1742674680.4809103
p101,1,r,1742674680.4412901,1742674680.5194197
p101,1,s,1742674680.5615165,1742674680.6780019
p101,1,t,1742674680.6393688,1742674680.755588
p101,1,space,1742674680.7171352,1742674680.7947552
p101,1,o,1742674680.8437622,1742674680.9611356
p101,1,f,1742674680.9227393,1742674680.9997258
p101,1,space,1742674681.0020576,1742674681.0373895
p101,1,a,1742674681.0937524,1742674681.1721375
p101,1,l,1742674681.2090595,1742674681.2870586
p101,1,l,1742674681.3183615,1742674681.4333098
p101,1,",",1742674681.4947298,1742674681.6870592
p101,1,space,1742674681.6080003,1742674681.7253253
p101,1,y,1742674681.7460337,1742674681.826289
p101,1,o,1742674681.8352835,1742674681.9393275
p101,1,space,1742674681.9420834,1742674682.0170467
p101,1,u,1742674681.9043245,1742674682.0219617
p101,1,h,1742674682.0757403,1742674682.193934
p101,1,g,1742674682.3300211,1742674682.4072757
p101,1,o,1742674682.4179187,1742674682.4841132
p101,1,t,1742674682.496779,1742674682.5746508
p101,1,t,1742674682.6091287,1742674682.68529
p101,1,a,1742674682.8032012,1742674682.871155
p101,1,space,1742674682.7912602,1742674682.9070804
p101,1,l,1742674682.875154,1742674682.9481716
p101,1,o,1742674683.0043404,1742674683.0798316
p101,1,g,1742674683.0398338,1742674683.121161
p101,1,space,1742674683.1593912,1742674683.199141
p101,1,i,1742674683.2018719,1742674683.3533022
p101,1,n,1742674683.2765305,1742674683.43072
p101,1,space,1742674683.3922555,1742674683.5096352
p101,1,a,1742674683.518802,1742674683.6229193
p101,1,s,1742674683.5868096,1742674683.702621
p101,1,space,1742674683.7088993,1742674683.7794333
p101,1,s,1742674683.8294601,1742674683.9463925
p101,1,o,1742674683.9657357,1742674684.0481598
p101,1,t,1742674684.0563083,1742674684.120608
p101,1,w,1742674684.684818,1742674684.7614784
p101,1,a,1742674684.7855163,1742674684.9002748
p101,1,n,1742674684.9042819,1742674684.9382098
p101,1,d,1742674684.946223,1742674685.0269055
p101,1,space,1742674685.0357363,1742674685.1505198
p101,1,l,1742674685.1602101,1742674685.2641637
p101,1,m,1742674685.2306533,1742674685.3030329
p101,1,a,1742674685.3060105,1742674685.3805418
p101,1,o,1742674685.38254,1742674685.496313
p101,1,space,1742674685.4565299,1742674685.5764976
p101,1,i,1742674685.5875502,1742674685.736967
p101,1,space,1742674685.6981063,1742674685.7759912
p101,1,m,1742674685.7809675,1742674685.890289
p101,1,e,1742674685.8522666,1742674685.9304183
p101,1,a,1742674685.9613237,1742674686.0776727
p101,1,n,1742674685.9970667,1742674686.080658
p101,1,",",1742674686.148064,1742674686.30387
p101,1,space,1742674686.2244277,1742674686.3406422
p101,1,h,1742674686.3941345,1742674686.5089214
p101,1,e,1742674686.5157306,1742674686.6262202
p101,1,r,1742674686.5852795,1742674686.6618452
p101,1,space,1742674686.7229607,1742674686.8385634
p101,1,p,1742674687.127132,1742674687.2394183
p101,1,o,1742674687.2029138,1742674687.278511
p101,1,w,1742674687.28001,1742674687.3581264
p101,1,e,1742674687.3657322,1742674687.4370818
p101,1,r,1742674687.4734693,1742674687.5489426
p101,1,f,1742674687.6022835,1742674687.715934
p101,1,u,1742674687.677017,1742674687.7932277
p101,1,l,1742674687.7949271,1742674687.909152
p101,1,space,1742674687.870155,1742674687.9494424
p101,1,h,1742674688.0273752,1742674688.1421306
p101,1,t,1742674688.143582,1742674688.218084
p101,1,i,1742674688.1022518,1742674688.2258399
p101,1,space,1742674688.2509787,1742674688.3289523
p101,1,i,1742674688.3309662,1742674688.4441645
p101,1,s,1742674688.4083686,1742674688.5223374
p101,1,space,1742674688.5257215,1742674688.5601747
p101,1,i,1742674688.7187433,1742674688.758603
p101,1,n,1742674688.5651708,1742674688.7962894
p101,1,space,1742674688.7609353,1742674688.9167721
p101,1,i,1742674689.172567,1742674689.2888498
p101,1,n,1742674689.2540045,1742674689.3657663
p101,1,space,1742674689.3279293,1742674689.4428015
p101,1,t,1742674689.4056778,1742674689.4838233
p101,1,h,1742674689.4920757,1742674689.600117
p101,1,e,1742674689.5191514,1742674689.639936
p101,1,space,1742674689.6466706,1742674689.7556977
p101,1,r,1742674689.826688,1742674689.9028723
p101,1,i,1742674689.911859,1742674689.9815962
p101,1,g,1742674689.9878588,1742674690.058014
p101,1,h,1742674690.0629923,1742674690.1376112
p101,1,t,1742674690.1417446,1742674690.2112317
p101,1,space,1742674690.2162228,1742674690.2477536
p101,1,c,1742674690.2937331,1742674690.4122953
p101,1,l,1742674690.4154136,1742674690.4452527
p101,1,i,1742674690.5179167,1742674690.6357343
p101,1,c,1742674690.6379576,1742674690.714591
p101,1,k,1742674690.718191,1742674690.7919762
p101,1,space,1742674690.8453472,1742674690.9613206
p101,1,w,1742674690.9684963,1742674691.0849235
p101,1,h,1742674691.0469203,1742674691.163831
p101,1,i,1742674691.1247487,1742674691.2417512
p101,1,c,1742674691.1661456,1742674691.279438
p101,1,h,1742674691.288477,1742674691.4347324
p101,1,space,1742674691.4416292,1742674691.5474567
p101,1,d,1742674691.8858106,1742674691.9639297
p101,1,o,1742674691.9701037,1742674692.0457833
p101,1,e,1742674692.0559916,1742674692.1230094
p101,1,s,1742674692.1648054,1742674692.2762575
p101,1,space,1742674692.2372234,1742674692.3167906
p101,1,a,1742674692.3257785,1742674692.395877
p101,1,space,1742674692.403149,1742674692.4744794
p101,1,l,1742674692.481536,1742674692.5564904
p101,1,t,1742674692.6224241,1742674692.6972718
p101,1,o,1742674692.8440695,1742674692.9964902
p101,1,space,1742674693.1481333,1742674693.2639759
p101,1,o,1742674693.3017364,1742674693.4195077
p101,1,f,1742674693.3812647,1742674693.4592798
p101,1,space,1742674693.4652452,1742674693.580192
p101,1,d,1742674693.5863023,1742674693.6950204
p101,1,a,1742674693.725014,1742674693.8399904
p101,1,m,1742674693.763053,1742674693.8810945
p101,1,a,1742674693.8886988,1742674693.9671438
p101,1,g,1742674693.9749055,1742674694.042112
p101,1,a,1742674694.0481846,1742674694.1183717
p101,1,e,1742674694.1864681,1742674694.2256377
p101,1,",",1742674694.1494374,1742674694.2649038
p101,1,space,1742674694.2679057,1742674694.342606
p101,1,b,1742674694.4459176,1742674694.5597918
p101,1,u,1742674694.52076,1742674694.598514
p101,1,t,1742674694.561793,1742674694.6381364
p101,1,space,1742674694.6745977,1742674694.7897177
p101,1,y,1742674694.7534943,1742674694.8317454
p101,1,o,1742674694.8367045,1742674694.9469092
p101,1,u,1742674694.8679829,1742674694.9832177
p101,1,space,1742674694.9509048,1742674695.0632792
p101,1,n,1742674695.073727,1742674695.1788633
p101,1,e,1742674695.0981364,1742674695.1873941
p101,1,e,1742674695.2107098,1742674695.2882013
p101,1,d,1742674695.3298671,1742674695.4439104
p101,1,space,1742674695.4569745,1742674695.518927
p101,1,t,1742674695.5249722,1742674695.5969045
p101,1,o,1742674695.5569205,1742674695.6754165
p101,1,space,1742674695.6371953,1742674695.7112834
p101,1,c,1742674695.6766427,1742674695.788912
p101,1,h,1742674695.757308,1742674695.828327
p101,1,a,1742674695.8357105,1742674695.9098372
p101,1,r,1742674695.930839,1742674696.0086863
p101,1,g,1742674696.0705404,1742674696.1826766
p101,1,e,1742674696.1456065,1742674696.1875484
p101,1,space,1742674696.2246988,1742674696.3040748
p101,1,t,1742674696.3122594,1742674696.3813684
p101,1,h,1742674696.3853853,1742674696.4957447
p101,1,i,1742674696.4571056,1742674696.5341733
p101,1,s,1742674696.4978888,1742674696.5732028
p101,1,space,1742674696.5913875,1742674696.6673877
p101,1,b,1742674696.6724584,1742674696.825987
p101,1,y,1742674696.8555694,1742674696.9746957
p101,1,space,1742674697.0086207,1742674697.0864449
p101,1,i,1742674697.2244766,1742674697.301209
p101,1,u,1742674697.2629888,1742674697.3031843
p101,1,s,1742674697.3062134,1742674697.3795178
p101,1,i,1742674697.5230339,1742674697.640026
p101,1,n,1742674697.6018293,1742674697.7160132
p101,1,g,1742674697.6786547,1742674697.756829
p101,1,space,1742674697.7628062,1742674697.8331401
p101,1,t,1742674697.8384342,1742674697.9104192
p101,1,h,1742674697.9149756,1742674697.986308
p101,1,e,1742674697.9475243,1742674698.0633454
p101,1,space,1742674698.0657682,1742674698.179625
p101,1,l,1742674698.1413198,1742674698.256562
p101,1,e,1742674698.2177227,1742674698.336385
p101,1,f,1742674698.3433952,1742674698.4103036
p101,1,t,1742674698.4676886,1742674698.543227
p101,1,space,1742674698.5857477,1742674698.70264
p101,1,c,1742674698.743382,1742674698.858093
p101,1,l,1742674698.8618321,1742674698.8945777
p101,1,l,1742674699.1142452,1742674699.1942332
p101,1,i,1742674699.202365,1742674699.2686374
p101,1,k,1742674699.3488061,1742674699.4620578
p101,1,c,1742674699.4719532,1742674699.5380335
p101,1,space,1742674699.5419552,1742674699.653715
p101,1,w,1742674699.756597,1742674699.8664532
p101,1,h,1742674699.8284526,1742674699.943791
p101,1,i,1742674699.9084682,1742674699.9829018
p101,1,c,1742674699.9470313,1742674700.022761
p101,1,h,1742674700.0304031,1742674700.1367917
p101,1,space,1742674700.0993333,1742674700.1757343
p101,1,c,1742674700.2469268,1742674700.3611863
p101,1,d,1742674700.8187664,1742674700.9352927
p101,1,o,1742674700.9385777,1742674701.012774
p101,1,e,1742674701.019787,1742674701.0888004
p101,1,s,1742674701.1835227,1742674701.2950337
p101,1,space,1742674701.2994647,1742674701.36975
p101,1,c,1742674701.4646955,1742674701.54278
p101,1,o,1742674701.5457726,1742674701.6594973
p101,1,n,1742674701.5806348,1742674701.6975336
p101,1,t,1742674701.709527,1742674701.7915268
p101,1,i,1742674701.8055308,1742674701.9601345
p101,1,n,1742674701.9652753,1742674702.072835
p101,1,u,1742674702.0405037,1742674702.1518397
p101,1,o,1742674702.2285812,1742674702.3828666
p101,1,u,1742674702.3052,1742674702.4222202
p101,1,s,1742674702.432789,1742674702.499355
p101,1,space,1742674702.5057778,1742674702.5752072
p101,1,b,1742674702.6638455,1742674702.7747648
p101,1,y,1742674702.738217,1742674702.85509
p101,1,space,1742674702.8720808,1742674702.9487033
p101,1,l,1742674703.0248618,1742674703.139532
p101,1,t,1742674703.1026082,1742674703.1801393
p101,1,i,1742674703.1108506,1742674703.186489
p101,1,t,1742674703.2225869,1742674703.3395777
p101,1,l,1742674703.3455975,1742674703.4147458
p101,1,e,1742674703.374955,1742674703.4550326
p101,1,space,1742674703.4600456,1742674703.5683208
p101,1,d,1742674703.530375,1742674703.6075723
p101,1,a,1742674703.7982852,1742674703.8769193
p101,1,n,1742674703.8803725,1742674703.9552941
p101,1,a,1742674703.9589689,1742674704.0329826
p101,1,g,1742674704.0433779,1742674704.1183734
p101,1,e,1742674704.2039087,1742674704.2803302
p101,1,m,1742674704.3133283,1742674704.466535
p101,1,space,1742674704.4698987,1742674704.540224
p101,1,a,1742674704.6192424,1742674704.7340698
p101,1,n,1742674704.7409468,1742674704.771933
p101,1,y,1742674704.876322,1742674704.952617
p101,1,w,1742674704.9863367,1742674705.1034656
p101,1,a,1742674705.113407,1742674705.2311068
p101,1,y,1742674705.1924422,1742674705.272097
p101,1,",",1742674705.3789852,1742674705.4963722
p101,1,space,1742674705.5061316,1742674705.5697296
p101,1,h,1742674705.5929677,1742674705.7096972
p101,1,e,1742674705.6298,1742674705.7438335
p101,1,r,1742674705.7179766,1742674705.784225
p101,1,space,1742674705.7905564,1742674705.861562
p101,1,u,1742674705.8897073,1742674706.039743
p101,1,l,1742674706.0022473,1742674706.0783675
p101,1,t,1742674706.0412636,1742674706.1176322
p101,1,space,1742674706.2787797,1742674706.3922958
p101,1,c,1742674706.400837,1742674706.4777184
p101,1,a,1742674706.529967,1742674706.6440089
p101,1,space,1742674706.6833594,1742674706.719873
p101,1,n,1742674706.6053522,1742674706.7222645
p101,1,b,1742674706.7670722,1742674706.8795993
p101,1,caps_lock,1742674706.8426044,1742674706.9193041
p101,1,space,1742674706.9425247,1742674707.0544884
p101,1,e,1742674707.2031322,1742674707.317077
p101,1,space,1742674707.3341641,1742674707.450616
p101,1,s,1742674707.5785427,1742674707.6966152
p101,1,u,1742674707.7036576,1742674707.8486252
p101,1,p,1742674707.7723503,1742674707.9250102
p101,1,e,1742674707.8879662,1742674707.9683821
p101,1,r,1742674707.9767234,1742674708.0398755
p101,1,space,1742674708.0008638,1742674708.1195009
p101,1,t,1742674708.1294813,1742674708.1959038
p101,1,r,1742674708.2266765,1742674708.302389
p101,1,i,1742674708.3073826,1742674708.3845856
p101,1,c,1742674708.4036906,1742674708.519555
p101,1,k,1742674708.7315626,1742674708.848266
p101,1,y,1742674708.887896,1742674709.0068688
p101,1,space,1742674709.0114357,1742674709.082648
p101,1,b,1742674709.1451466,1742674709.2603853
p101,1,e,1742674709.415682,1742674709.4946542
p101,1,c,1742674709.5524888,1742674709.6311848
p101,1,a,1742674709.6871288,1742674709.8387997
p101,1,u,1742674709.7611244,1742674709.8437974
p101,1,s,1742674709.8487859,1742674709.873786
p101,1,e,1742674709.9402921,1742674710.0220363
p101,1,space,1742674710.0300202,1742674710.133358
p101,1,i,1742674710.0539296,1742674710.1715927
p101,1,t,1742674710.138361,1742674710.2085493
p101,1,s,1742674710.3393183,1742674710.4514763
p101,1,space,1742674710.4143534,1742674710.528994
p101,1,s,1742674710.5326047,1742674710.6073327
p101,1,l,1742674710.6377206,1742674710.7138577
p101,1,o,1742674710.771727,1742674710.8472364
p101,1,w,1742674710.8562245,1742674710.9262009
p101,1,space,1742674710.9301708,1742674711.0017035
p101,1,a,1742674711.0092103,1742674711.078133
p101,1,n,1742674711.038305,1742674711.1186316
p101,1,d,1742674711.127615,1742674711.2402706
p101,1,space,1742674711.2023883,1742674711.319115
p101,1,i,1742674711.4326868,1742674711.5061738
p101,1,t,1742674711.7518902,1742674711.8272474
p101,1,a,1742674711.8877535,1742674712.0445642
p101,1,k,1742674712.1143894,1742674712.191109
p101,1,space,1742674712.1528437,1742674712.2296987
p101,1,t,1742674712.3191931,1742674712.4005888
p101,1,t,1742674712.7713099,1742674712.8422687
p101,1,a,1742674712.8812852,1742674712.993717
p101,1,k,1742674713.0017555,1742674713.0314372
p101,1,e,1742674713.0344334,1742674713.1089356
p101,1,s,1742674713.1439161,1742674713.2183235
p101,1,space,1742674713.1803403,1742674713.258969
p101,1,s,1742674713.2787347,1742674713.3564074
p101,1,o,1742674713.3170378,1742674713.4331353
p101,1,space,1742674713.395657,1742674713.472857
p101,1,m,1742674713.4931512,1742674713.5726056
p101,1,u,1742674713.6254895,1742674713.7041264
p101,1,c,1742674713.664047,1742674713.7427979
p101,1,h,1742674713.7564993,1742674713.8700767
p101,1,space,1742674713.8319688,1742674713.9083643
p101,1,t,1742674713.8720741,1742674713.9494133
p101,1,i,1742674713.952327,1742674714.06328
p101,1,e,1742674714.0672736,1742674714.1420581
p101,1,m,1742674714.0261955,1742674714.1480238
p101,1,space,1742674714.1504035,1742674714.2164602
p101,1,t,1742674714.1774185,1742674714.2576554
p101,1,o,1742674714.2766504,1742674714.3870137
p101,1,space,1742674714.3506577,1742674714.4281344
p101,1,b,1742674714.4391136,1742674714.5412595
p101,1,e,1742674714.5042298,1742674714.5819101
p101,1,a,1742674714.6356835,1742674714.753969
p101,1,space,1742674714.6738222,1742674714.7930233
p101,1,b,1742674714.855745,1742674714.9730265
p101,1,l,1742674714.9871793,1742674715.0971045
p101,1,e,1742674715.1068654,1742674715.1731043
p101,1,space,1742674715.176047,1742674715.2495263
p101,1,t,1742674715.254549,1742674715.326559
p101,1,o,1742674715.2857513,1742674715.4033074
p101,1,space,1742674715.365392,1742674715.4807837
p101,1,d,1742674715.489364,1742674715.602027
p101,1,o,1742674715.6053998,1742674715.6718805
p101,1,space,1742674715.6332183,1742674715.7513275
p101,1,i,1742674715.768016,1742674715.8464773
p101,1,t,1742674715.8521433,1742674715.924711
p101,1,",",1742674715.9420807,1742674716.096475
p101,1,space,1742674716.0593038,1742674716.1365104
p101,1,b,1742674716.1647797,1742674716.2799256
p101,1,t,1742674716.3194785,1742674716.359248
p101,1,u,1742674716.2448013,1742674716.3661964
p101,1,space,1742674716.3978786,1742674716.5503223
p101,1,i,1742674716.5123615,1742674716.590326
p101,1,f,1742674716.6033251,1742674716.679541
p101,1,space,1742674716.6864653,1742674716.7578564
p101,1,u,1742674716.7638326,1742674716.8705623
p101,1,space,1742674716.8331006,1742674716.9514039
p101,1,w,1742674716.9095104,1742674716.9867082
p101,1,a,1742674716.9606209,1742674717.0651402
p101,1,r,1742674717.0927072,1742674717.1712835
p101,1,e,1742674717.2243118,1742674717.339332
p101,1,space,1742674717.3512168,1742674717.453471
p101,1,a,1742674717.4549184,1742674717.5698373
p101,1,b,1742674717.5302615,1742674717.6097946
p101,1,l,1742674717.6493378,1742674717.762802
p101,1,e,1742674717.7247741,1742674717.8017755
p101,1,space,1742674717.810752,1742674717.8792672
p101,1,t,1742674717.8851335,1742674717.9555845
p101,1,o,1742674717.9159925,1742674718.0704472
p101,1,space,1742674717.9930384,1742674718.1097283
p101,1,d,1742674718.29923,1742674718.337497
p101,1,o,1742674718.3589084,1742674718.475142
p101,1,space,1742674718.5037844,1742674718.5810924
p101,1,i,1742674718.6453176,1742674718.7607148
p101,1,t,1742674718.9159548,1742674718.9926934
p101,1,space,1742674719.001351,1742674719.0778878
p101,1,r,1742674719.1053557,1742674719.1807206
p101,1,i,1742674719.1408944,1742674719.2232335
p101,1,g,1742674719.248146,1742674719.3247414
p101,1,h,1742674719.2855406,1742674719.3649607
p101,1,t,1742674719.4061785,1742674719.4822445
p101,1,space,1742674719.4852445,1742674719.5568118
p101,1,y,1742674719.593058,1742674719.6691875
p101,1,o,1742674719.6741872,1742674719.785711
p101,1,u,1742674719.7060251,1742674719.821809
p101,1,space,1742674719.793428,1742674719.9042227
p101,1,c,1742674719.9079638,1742674720.016764
p101,1,a,1742674720.0388913,1742674720.1518288
p101,1,n,1742674720.1140962,1742674720.2285972
p101,1,space,1742674720.190264,1742674720.267762
p101,1,l,1742674720.2993932,1742674720.4168987
p101,1,t,1742674720.4183471,1742674720.4520338
p101,1,i,1742674720.3743145,1742674720.4924061
p101,1,e,1742674720.5013647,1742674720.6154509
p101,1,r,1742674720.5783818,1742674720.6540477
p101,1,a,1742674720.7074654,1742674720.8236039
p101,1,l,1742674720.8336222,1742674720.8575919
p101,1,l,1742674720.9026124,1742674721.0191593
p101,1,y,1742674720.9821887,1742674721.0557282
p101,1,space,1742674721.0797272,1742674721.1595461
p101,1,b,1742674721.204404,1742674721.3219829
p101,1,l,1742674721.3725038,1742674721.4440653
p101,1,o,1742674721.552586,1742674721.6642637
p101,1,w,1742674721.6730509,1742674721.78569
p101,1,space,1742674721.7896807,1742674721.8996444
p101,1,u,1742674721.8617017,1742674722.017531
p101,1,p,1742674721.93743,1742674722.0921946
p101,1,space,1742674722.0542672,1742674722.1317892
p101,1,e,1742674722.1675332,1742674722.242506
p101,1,v,1742674722.2484083,1742674722.3242104
p101,1,e,1742674722.3281953,1742674722.4019222
p101,1,r,1742674722.4328883,1742674722.5463855
p101,1,y,1742674722.508239,1742674722.5858026
p101,1,o,1742674722.6266294,1742674722.7782986
p101,1,n,1742674722.7389908,1742674722.8199012
p101,1,e,1742674722.8292925,1742674722.894298
p101,1,space,1742674722.8529015,1742674722.9723577
p101,1,l,1742674722.931819,1742674723.0480266
p101,1,m,1742674723.0090091,1742674723.1267977
p101,1,o,1742674723.136066,1742674723.2043319
p101,1,a,1742674723.212225,1742674723.280099
p101,1,",",1742674723.2849548,1742674723.3938115
p101,1,space,1742674723.356839,1742674723.4748998
p101,1,i,1742674723.5284657,1742674723.6807077
p101,1,space,1742674723.6453137,1742674723.8000581
p101,1,u,1742674724.429131,1742674724.5038774
p101,1,s,1742674724.510252,1742674724.587201
p101,1,u,1742674724.6052897,1742674724.7225928
p101,1,a,1742674724.7275903,1742674724.801025
p101,1,l,1742674724.8070147,1742674724.8761458
p101,1,l,1742674724.9030483,1742674725.0129898
p101,1,y,1742674724.975866,1742674725.054701
p101,1,space,1742674725.0694482,1742674725.1811624
p101,1,d,1742674725.2019815,1742674725.3175192
p101,1,o,1742674725.2789419,1742674725.3937268
p101,1,space,1742674725.3569767,1742674725.4716275
p101,1,i,1742674725.4731295,1742674725.5872016
p101,1,t,1742674725.5522304,1742674725.627212
p101,1,space,1742674725.6331968,1742674725.7041414
p101,1,h,1742674725.7086906,1742674725.818797
p101,1,i,1742674725.7807798,1742674725.8589354
p101,1,d,1742674725.9054656,1742674725.9826367
p101,1,i,1742674725.9908493,1742674726.1463408
p101,1,n,1742674726.1061065,1742674726.2267098
p101,1,g,1742674726.2339065,1742674726.3004026
p101,1,space,1742674726.3257985,1742674726.4402082
p101,1,b,1742674726.5266254,1742674726.6035314
p101,1,e,1742674726.6068876,1742674726.6418564
p101,1,h,1742674726.7422547,1742674726.8552206
p101,1,i,1742674726.8172214,1742674726.9749763
p101,1,n,1742674726.9336767,1742674727.0103147
p101,1,d,1742674727.019818,1742674727.0485363
p101,1,space,1742674727.066433,1742674727.144017
p101,1,a,1742674727.1511185,1742674727.220922
p101,1,space,1742674727.2343035,1742674727.2963192
p101,1,w,1742674727.3935404,1742674727.4693034
p101,1,a,1742674727.4770389,1742674727.5937328
p101,1,l,1742674727.6031818,1742674727.6298776
p101,1,l,1742674727.656066,1742674727.7718167
p101,1,space,1742674727.7323833,1742674727.8490827
p101,1,a,1742674727.8924956,1742674728.0065796
p101,1,n,1742674728.0115814,1742674728.0871725
p101,1,d,1742674728.093685,1742674728.1614027
p101,1,space,1742674728.1212077,1742674728.2393014
p101,1,t,1742674728.2520716,1742674728.3169732
p101,1,h,1742674728.3213286,1742674728.3555946
p101,1,e,1742674728.360965,1742674728.4738731
p101,1,n,1742674728.4364355,1742674728.5505292
p101,1,space,1742674728.5127141,1742674728.5918992
p101,1,i,1742674728.7160308,1742674728.9094248
p101,1,space,1742674728.9133697,1742674728.9833663
p101,1,j,1742674729.04305,1742674729.157004
p101,1,u,1742674729.174865,1742674729.2932553
p101,1,p,1742674729.4159007,1742674729.566197
p101,1,space,1742674729.5274014,1742674729.645731
p101,1,p,1742674729.6725984,1742674729.7883813
p101,1,e,1742674729.789381,1742674729.8645597
p101,1,o,1742674729.8665593,1742674729.9426398
p101,1,p,1742674729.903239,1742674730.058709
p101,1,l,1742674729.981906,1742674730.0968435
p101,1,e,1742674730.1211905,1742674730.1979856
p101,1,space,1742674730.2029748,1742674730.2741027
p101,1,l,1742674730.3248127,1742674730.4020612
p101,1,o,1742674730.4591699,1742674730.535716
p101,1,l,1742674730.6002944,1742674730.7152605
p101,1,space,1742674730.636554,1742674730.7548869
p101,1,a,1742674730.784605,1742674730.8652885
p101,1,n,1742674730.8692706,1742674730.9421017
p101,1,d,1742674730.949002,1742674731.0218391
p101,1,space,1742674731.024958,1742674731.0967233
p101,1,i,1742674731.1999872,1742674731.314805
p101,1,n,1742674731.4716132,1742674731.6271749
p101,1,o,1742674731.5878646,1742674731.6659794
p101,1,r,1742674731.861435,1742674731.9370265
p101,1,i,1742674731.9500346,1742674732.012887
p101,1,g,1742674732.014883,1742674732.0944028
p101,1,h,1742674732.0958283,1742674732.1674864
p101,1,t,1742674732.1714265,1742674732.2437816
p101,1,space,1742674732.2031868,1742674732.3240917
p101,1,n,1742674732.2822213,1742674732.4374478
p101,1,o,1742674732.359421,1742674732.4753604
p101,1,w,1742674732.445352,1742674732.5154686
p101,1,space,1742674732.5224621,1742674732.590246
p101,1,i,1742674732.5504599,1742674732.7053728
p101,1,space,1742674732.6671808,1742674732.783265
p101,1,h,1742674732.7464132,1742674732.821937
p101,1,a,1742674732.8320043,1742674732.945149
p101,1,v,1742674732.9083965,1742674732.9857745
p101,1,e,1742674732.999135,1742674733.0623722
p101,1,space,1742674733.0683653,1742674733.1389823
p101,1,w,1742674733.1770725,1742674733.2571042
p101,1,r,1742674733.3328097,1742674733.4103246
p101,1,i,1742674733.4155247,1742674733.4866936
p101,1,t,1742674733.4462056,1742674733.5227704
p101,1,t,1742674733.5820212,1742674733.698761
p101,1,e,1742674733.706734,1742674733.813198
p101,1,space,1742674733.8281813,1742674733.9360425
p101,1,n,1742674734.309597,1742674734.424117
p101,1,space,1742674734.3843803,1742674734.4622562
p101,1,t,1742674734.4650273,1742674734.5459816
p101,1,o,1742674734.5542176,1742674734.6550472
p101,1,space,1742674734.6157458,1742674734.6938999
p101,1,s,1742674734.7178993,1742674734.8370237
p101,1,l,1742674734.846024,1742674734.9140065
p101,1,m,1742674734.9332263,1742674735.0523562
p101,1,a,1742674735.0862432,1742674735.1997488
p101,1,n,1742674735.1604347,1742674735.2380643
p101,1,y,1742674735.2912645,1742674735.447371
p101,1,space,1742674735.41348,1742674735.48507
p101,1,c,1742674735.4483697,1742674735.5241299
p101,1,h,1742674735.529146,1742674735.6437929
p101,1,a,1742674735.6077754,1742674735.685289
p101,1,d,1742674735.7286801,1742674735.8026302
p101,1,a,1742674735.7628527,1742674735.80799
p101,1,c,1742674735.8389637,1742674735.9528842
p101,1,t,1742674735.9163768,1742674735.9918242
p101,1,e,1742674735.957194,1742674736.028858
p101,1,r,1742674736.0358431,1742674736.107393
p101,1,space,1742674736.1123722,1742674736.187583
p101,1,s,1742674736.149266,1742674736.2276764
p101,1,n,1742674736.2437668,1742674736.3610363
p101,1,a,1742674736.2818139,1742674736.400304
p101,1,d,1742674736.4143183,1742674736.4356167
p101,1,space,1742674736.410301,1742674736.4753923
p101,1,i,1742674736.4786525,1742674736.5902932
p101,1,space,1742674736.5519958,1742674736.6304915
p101,1,a,1742674736.6410546,1742674736.7094789
p101,1,m,1742674736.7190952,1742674736.8209164
p101,1,space,1742674736.7829578,1742674736.8608828
p101,1,s,1742674736.9002354,1742674737.0172794
p101,1,l,1742674737.023203,1742674737.0921168
p101,1,o,1742674737.1539018,1742674737.2309039
p101,1,w,1742674737.235897,1742674737.3090193
p101,1,l,1742674737.313892,1742674737.3866704
p101,1,y,1742674737.4729702,1742674737.5835907
p101,1,space,1742674737.5460253,1742674737.6249998
p101,1,s,1742674737.633106,1742674737.6996531
p101,1,t,1742674737.7046597,1742674737.778037
p101,1,a,1742674737.7812736,1742674737.892546
p101,1,r,1742674737.8550322,1742674737.9325888
p101,1,t,1742674737.9562333,1742674738.041851
p101,1,i,1742674738.1129303,1742674738.228204
p101,1,n,1742674738.188489,1742674738.3061516
p101,1,g,1742674738.3169172,1742674738.380909
p101,1,space,1742674738.3409219,1742674738.4206715
p101,1,t,1742674738.4452295,1742674738.522852
p101,1,o,1742674738.4833064,1742674738.561354
p101,1,space,1742674738.5643497,1742674738.6392076
p101,1,g,1742674738.6449385,1742674738.715363
p101,1,e,1742674738.642944,1742674738.7932897
p101,1,t,1742674738.7541676,1742674738.8322783
p101,1,space,1742674738.8392718,1742674738.908512
p101,1,t,1742674739.0373096,1742674739.1156654
p101,1,i,1742674739.1416266,1742674739.218114
p101,1,r,1742674739.222545,1742674739.298984
p101,1,e,1742674739.3653545,1742674739.4401548
p101,1,d,1742674739.4991577,1742674739.5717309
p101,1,",",1742674739.533719,1742674739.6489472
p101,1,space,1742674739.6117496,1742674739.6885529
p101,1,i,1742674739.7133477,1742674739.8279965
p101,1,space,1742674739.7917295,1742674739.8673785
p101,1,t,1742674739.8736222,1742674739.9056613
p101,1,h,1742674739.916338,1742674740.0307868
p101,1,i,1742674739.991303,1742674740.0680413
p101,1,n,1742674740.1027064,1742674740.2176015
p101,1,space,1742674740.2564242,1742674740.333015
p101,1,k,1742674740.1788464,1742674740.3349729
p101,1,y,1742674740.3563254,1742674740.432341
p101,1,m,1742674740.4336941,1742674740.5095618
p101,1,space,1742674740.5386083,1742674740.6169343
p101,1,p,1742674740.619938,1742674740.7323787
p101,1,a,1742674740.6923673,1742674740.7707534
p101,1,r,1742674740.8168259,1742674740.8910491
p101,1,e,1742674740.9378426,1742674741.0535686
p101,1,n,1742674741.0138285,1742674741.0909414
p101,1,t,1742674741.098228,1742674741.176998
p101,1,s,1742674741.1960475,1742674741.3106506
p101,1,space,1742674741.3106506,1742674741.3882186
p101,1,a,1742674741.3932152,1742674741.4647932
p101,1,r,1742674741.532844,1742674741.6054718
p101,1,e,1742674741.6477976,1742674741.7640567
p101,1,space,1742674741.724761,1742674741.8424413
p101,1,a,1742674741.8544374,1742674741.96629
p101,1,l,1742674741.930134,1742674742.0063546
p101,1,s,1742674742.0514672,1742674742.1245604
p101,1,o,1742674742.1255603,1742674742.2406783
p101,1,space,1742674742.200667,1742674742.2826924
p101,1,g,1742674742.3918405,1742674742.4703956
p101,1,e,1742674742.4789755,1742674742.5457244
p101,1,t,1742674742.57383,1742674742.6123137
p101,1,t,1742674742.6649299,1742674742.7848778
p101,1,i,1742674742.7472353,1742674742.8618658
p101,1,n,1742674742.7898648,1742674742.899682
p101,1,g,1742674742.90359,1742674742.979598
p101,1,space,1742674742.9375978,1742674743.0566063
p101,1,t,1742674743.0674875,1742674743.1306295
p101,1,i,1742674743.0913901,1742674743.2080226
p101,1,r,1742674743.2091742,1742674743.2839794
p101,1,e,1742674743.3277729,1742674743.4460564
p101,1,d,1742674743.497695,1742674743.608096
p101,1,space,1742674743.6158442,1742674743.6847856
p101,1,f,1742674743.6910846,1742674743.7631044
p101,1,o,1742674743.767334,1742674743.9142022
p101,1,r,1742674743.8373697,1742674743.9157083
p101,1,m,1742674743.8752756,1742674743.992467
p101,1,space,1742674743.9524632,1742674744.0302072
p101,1,t,1742674743.9954648,1742674744.07014
p101,1,h,1742674744.0785334,1742674744.1464093
p101,1,e,1742674744.1074097,1742674744.2259688
p101,1,space,1742674744.2317655,1742674744.3042698
p101,1,s,1742674744.4271777,1742674744.5405493
p101,1,o,1742674744.5027428,1742674744.5782757
p101,1,u,1742674744.5429204,1742674744.6162853
p101,1,n,1742674744.6620493,1742674744.7426956
p101,1,d,1742674744.747539,1742674744.7806873
p101,1,space,1742674744.7836843,1742674744.8565855
p101,1,o,1742674744.8580337,1742674744.9717393
p101,1,f,1742674744.9326947,1742674744.9733834
p101,1,space,1742674744.9743893,1742674745.0505445
p101,1,t,1742674745.053683,1742674745.1266458
p101,1,h,1742674745.087431,1742674745.1650748
p101,1,e,1742674745.1661725,1742674745.241518
p101,1,space,1742674745.2016056,1742674745.242518
p101,1,y,1742674745.2892916,1742674745.3690984
p101,1,t,1742674745.3710914,1742674745.4465907
p101,1,p,1742674745.4540656,1742674745.564786
p101,1,i,1742674745.5236557,1742674745.6007617
p101,1,n,1742674745.6390615,1742674745.7577093
p101,1,g,1742674745.7622988,1742674745.8341086
p101,1,space,1742674745.9063401,1742674746.025491
p101,1,b,1742674746.1227422,1742674746.198745
p101,1,e,1742674746.2047296,1742674746.2356503
p101,1,c,1742674746.291696,1742674746.4109905
p101,1,u,1742674746.4575639,1742674746.5406969
p101,1,a,1742674746.4269657,1742674746.5736177
p101,1,s,1742674746.5526876,1742674746.6117754
p101,1,e,1742674746.6608193,1742674746.738489
p101,1,space,1742674746.7419353,1742674746.8127072
p101,1,i,1742674746.774252,1742674746.8921828
p101,1,space,1742674746.852956,1742674746.9300337
p101,1,a,1742674746.9562798,1742674747.035147
p101,1,m,1742674747.0414736,1742674747.1479506
p101,1,space,1742674747.1140401,1742674747.2249382
p101,1,f,1742674747.3000152,1742674747.374207
p101,1,a,1742674747.337088,1742674747.452128
p101,1,s,1742674747.414994,1742674747.5322747
p101,1,t,1742674747.5368018,1742674747.6051893
p101,1,space,1742674747.611187,1742674747.6836784
p101,1,a,1742674747.6928227,1742674747.798052
p101,1,s,1742674747.7623522,1742674747.8371823
p101,1,f,1742674747.927837,1742674748.000568
p101,1,space,1742674748.0327444,1742674748.1473343
p101,1,b,1742674748.199857,1742674748.2775354
p101,1,o,1742674748.3458195,1742674748.463758
p101,1,i,1742674748.4254882,1742674748.5802236
p101,1,space,1742674748.5390213,1742674748.6182263
p101,1,l,1742674748.6649313,1742674748.7814445
p101,1,m,1742674748.7407546,1742674748.8594348
p101,1,a,1742674748.8710597,1742674748.93464
p101,1,o,1742674748.9448237,1742674749.010182
p101,1,enter,1742674749.0342238,1742674749.1092803
p101,1,b,1742674750.8045363,1742674750.878138
p101,1,r,1742674750.883135,1742674750.9559026
p101,1,e,1742674750.9857159,1742674751.138685
p101,1,k,1742674751.1058278,1742674751.217815
p101,1,a,1742674751.1138222,1742674751.224789
p101,1,space,1742674751.140685,1742674751.2558224
p101,1,t,1742674751.2638366,1742674751.3355656
p101,1,i,1742674751.2965508,1742674751.4152195
p101,1,m,1742674751.3744612,1742674751.451709
p101,1,e,1742674751.4557688,1742674751.5284607
p101,1,!,1742674751.6112704,1742674751.68707
p101,1,shift_r,1742674751.532945,1742674751.8027732
p101,1,esc,1742674764.2367535,1742674764.3524134
